id,methodarea,researcharea
1,"{""2""}","{""1"",""4""}"
2,"{""1""}","{""4""}"
3,"{""1"",""2""}","{""4""}"
4,"{""1"",""2""}",NULL
5,"{""1"",""2"",""4"",""5""}","{""4"",""5"",""7"",""9"",""10""}"
6,"{""1""}","{""1"",""3"",""4""}"
7,"{""1""}","{""1"",""4""}"
8,"{""2"",""4""}","{""2"",""4""}"
9,"{""1""}","{""1"",""4""}"
10,"{""2"",""4""}","{""4""}"
11,"{""1""}","{""1"",""2"",""3"",""4""}"
12,"{""1""}","{""1"",""2"",""3"",""4"",""7""}"
13,"{""1""}","{""1""}"
14,"{""1"",""2"",""4""}","{""4"",""7"",""9""}"
15,"{""1"",""2""}","{""4""}"
16,"{""1"",""3""}","{""3""}"
17,"{""2"",""4""}","{""1"",""4""}"
18,"{""1"",""2"",""3""}","{""1"",""2"",""3"",""4"",""5""}"
19,"{""1""}","{""1"",""4"",""7""}"
20,"{""2""}","{""1"",""3"",""4""}"
21,"{""1""}","{""1"",""4""}"
22,"{""1""}","{""1"",""4"",""7""}"
23,"{""1"",""3"",""4""}","{""1"",""2"",""5"",""7""}"
24,"{""1""}","{""1""}"
25,"{""1""}","{""1""}"
26,"{""2"",""4""}","{""2"",""4""}"
27,"{""1""}","{""1""}"
28,"{""1"",""2"",""3"",""4"",""5""}","{""2""}"
29,"{""1""}","{""1""}"
30,"{""1""}","{""1"",""4"",""5""}"
31,"{""2"",""4""}","{""4""}"
32,"{""1""}","{""1"",""3""}"
33,"{""1""}","{""4"",""5""}"
34,"{""1"",""2""}","{""1"",""4""}"
35,"{""1""}","{""1"",""3""}"
36,"{""1"",""2""}","{""1"",""4""}"
37,"{""1""}","{""1"",""3""}"
38,"{""1""}","{""1"",""3""}"
39,"{""2""}","{""1"",""4"",""5""}"
40,"{""1""}","{""4""}"
41,"{""3""}","{""1"",""2"",""7""}"
42,"{""2""}","{""4""}"
43,"{""2""}","{""1"",""4""}"
44,"{""1"",""2""}","{""2""}"
45,"{""1""}","{""1"",""4""}"
46,"{""1""}","{""2""}"
47,"{""1"",""2""}","{""1"",""4"",""5""}"
48,"{""1""}","{""1"",""2"",""3"",""4""}"
49,"{""1""}","{""1"",""5"",""7""}"
50,"{""1""}","{""1"",""2"",""3"",""4""}"
51,"{""1""}","{""1""}"
52,"{""1"",""2"",""4""}","{""2""}"
53,"{""2"",""4""}","{""1""}"
54,"{""1""}","{""1"",""4""}"
55,"{""2""}","{""4""}"
56,"{""1"",""4""}","{""2"",""4"",""5"",""7""}"
57,"{""1""}","{""1"",""4""}"
58,"{""1""}","{""1""}"
59,"{""1""}","{""1""}"
60,"{""2"",""4""}","{""2"",""4"",""5""}"
61,"{""1"",""3""}","{""3""}"
62,"{""1"",""3"",""4""}","{""1"",""2""}"
63,"{""1"",""2""}","{""4"",""7""}"
64,"{""2""}","{""1"",""3""}"
65,"{""1"",""2""}","{""1"",""4"",""7""}"
66,"{""2""}","{""1"",""4""}"
67,"{""1""}","{""1""}"
68,"{""1""}","{""1"",""4""}"
69,"{""1"",""2""}","{""2""}"
70,"{""1""}","{""1"",""2"",""4""}"
71,"{""1"",""3""}",NULL
72,"{""1""}","{""1"",""4"",""7""}"
73,"{""1""}","{""1""}"
74,{},"{""1""}"
75,"{""1"",""2"",""4"",""5""}","{""4""}"
76,"{""1"",""2"",""3""}","{""1"",""2"",""3"",""4"",""10""}"
77,"{""1"",""3""}","{""1"",""4"",""7"",""10""}"
78,"{""2""}","{""2""}"
79,"{""1"",""5""}","{""1""}"
80,"{""1""}","{""1""}"
81,"{""1"",""2""}","{""1"",""4"",""5""}"
82,"{""2""}","{""2""}"
83,"{""2""}","{""1""}"
84,"{""2""}","{""2""}"
85,"{""1""}","{""1""}"
86,"{""1"",""2""}","{""4"",""9""}"
87,"{""1"",""3""}","{""2""}"
88,"{""2""}","{""1""}"
89,"{""1"",""2"",""4"",""5""}","{""5"",""7"",""9"",""10""}"
90,"{""1""}","{""2""}"
91,"{""1""}","{""1"",""4""}"
92,"{""1""}","{""1""}"
93,"{""1"",""2"",""4""}","{""1"",""2"",""3""}"
94,"{""2"",""4""}","{""4"",""5""}"
95,"{""4""}","{""2"",""4"",""7""}"
96,"{""1""}","{""1"",""2"",""3""}"
97,"{""1"",""4""}","{""1""}"
98,"{""1"",""2""}","{""1"",""4""}"
99,"{""1"",""4""}","{""1"",""2"",""4"",""7"",""10""}"
100,"{""1"",""2"",""5""}","{""5"",""9""}"
101,"{""2""}","{""4""}"
102,"{""1""}","{""1""}"
103,"{""1"",""4""}","{""2""}"
104,"{""1"",""2"",""3""}","{""1""}"
105,"{""2"",""4""}","{""1"",""2"",""4""}"
106,"{""4""}","{""2"",""7""}"
107,"{""2"",""5""}","{""1"",""2"",""4""}"
108,"{""1"",""2"",""3""}","{""2""}"
109,"{""1"",""4""}","{""2"",""10""}"
110,"{""1"",""2"",""4""}","{""1"",""2"",""4"",""7""}"
111,"{""2""}","{""1"",""2"",""4""}"
112,"{""2""}","{""1"",""4"",""5""}"
113,"{""1"",""2""}","{""1"",""3"",""4""}"
114,{},NULL
115,"{""1""}","{""1"",""3""}"
116,"{""1""}","{""4""}"
117,"{""1"",""2""}","{""2"",""4""}"
118,"{""1""}","{""2"",""7""}"
119,"{""1"",""2""}","{""1""}"
120,"{""1""}","{""1""}"
121,{},{}
122,"{""4""}","{""2""}"
123,"{""2""}","{""2""}"
124,"{""1""}","{""1"",""4""}"
125,"{""1"",""2"",""4""}","{""1"",""2"",""7""}"
126,"{""1""}","{""1""}"
127,"{""1"",""3""}","{""1""}"
128,"{""1""}","{""1"",""3""}"
129,"{""1"",""4""}","{""5"",""10""}"
130,"{""1""}","{""3""}"
131,"{""1""}","{""3""}"
132,"{""2""}","{""3""}"
133,"{""1""}","{""1"",""10""}"
134,"{""1""}","{""1""}"
135,"{""1"",""2"",""3""}","{""1""}"
136,"{""1"",""3""}","{""1"",""4""}"
137,"{""2""}","{""2"",""4""}"
138,"{""1"",""3""}","{""1"",""2""}"
139,"{""1""}","{""1""}"
140,"{""1""}","{""1"",""2""}"
141,"{""1""}","{""1"",""2""}"
142,"{""3""}",NULL
143,"{""1""}","{""1"",""3""}"
144,"{""1""}","{""1""}"
145,"{""2"",""4""}","{""2"",""4"",""5""}"
146,"{""2""}","{""2""}"
147,"{""1""}","{""1"",""3"",""4""}"
148,"{""1""}","{""1""}"
149,"{""1""}","{""1"",""3""}"
150,"{""1""}","{""1"",""2""}"
151,"{""2"",""4"",""5""}","{""4"",""5"",""7"",""9""}"
152,"{""1""}","{""1""}"
153,"{""2""}","{""1"",""4""}"
154,"{""1"",""5""}","{""1"",""4""}"
155,"{""1"",""2"",""5""}","{""4"",""5""}"
156,"{""1""}","{""1"",""2"",""3"",""4""}"
157,"{""2""}","{""1"",""4""}"
158,"{""1"",""2"",""5""}","{""1"",""4""}"
159,"{""1""}","{""1"",""3""}"
160,"{""1""}","{""1"",""3"",""4"",""10""}"
161,"{""1""}","{""1""}"
162,"{""3""}","{""1""}"
163,"{""1""}","{""1"",""4"",""7""}"
164,"{""1"",""3""}","{""1"",""2"",""4""}"
165,"{""1""}","{""1"",""2""}"
166,"{""1""}","{""1"",""4""}"
167,"{""2""}","{""1"",""4""}"
168,"{""1""}","{""1""}"
169,"{""2"",""4""}","{""4""}"
170,"{""1""}","{""1"",""9""}"
171,"{""1""}","{""1""}"
172,"{""1""}","{""3""}"
173,"{""1""}","{""1""}"
174,"{""1"",""4"",""5""}","{""1"",""2"",""7"",""10""}"
175,"{""1""}","{""1"",""4""}"
176,"{""1"",""2""}","{""4""}"
177,"{""1""}","{""1""}"
178,"{""1""}","{""1"",""2""}"
179,"{""1""}","{""1"",""4""}"
180,"{""1"",""4""}","{""3"",""4"",""7"",""10""}"
181,"{""1""}","{""4""}"
182,"{""2""}","{""3""}"
183,"{""1""}","{""1""}"
184,"{""1""}","{""1"",""4""}"
185,"{""3""}","{""1"",""2"",""4""}"
186,"{""1""}","{""1""}"
187,"{""1""}","{""1"",""4""}"
188,"{""1""}","{""1"",""4""}"
189,"{""1"",""2"",""4""}","{""1"",""2"",""4""}"
190,"{""1""}","{""1""}"
191,"{""1"",""2""}","{""4"",""5""}"
192,"{""1""}","{""1""}"
193,"{""1""}","{""1"",""3"",""4"",""10""}"
194,"{""2""}","{""2"",""4""}"
195,"{""1""}","{""1"",""3"",""4""}"
196,"{""4""}","{""2"",""4""}"
197,"{""2""}","{""4""}"
198,"{""1""}","{""1"",""3""}"
199,"{""1""}","{""1""}"
200,"{""1"",""5""}","{""1""}"
201,"{""1"",""2"",""4""}","{""4""}"
202,"{""1"",""3""}","{""1""}"
203,"{""1"",""2"",""3""}","{""1"",""4""}"
204,"{""3""}","{""5""}"
205,"{""1""}","{""1"",""4""}"
206,"{""1"",""2"",""4"",""5""}","{""4"",""9""}"
207,"{""4""}","{""4""}"
208,"{""1""}","{""1"",""3""}"
209,"{""1""}","{""1"",""4""}"
210,"{""1"",""4""}","{""4""}"
211,"{""1""}","{""1"",""4""}"
212,"{""1""}","{""1"",""3""}"
213,"{""1""}","{""1"",""2"",""4"",""7""}"
214,"{""1""}","{""1"",""4""}"
215,"{""1"",""3""}","{""1"",""2""}"
216,"{""2""}","{""4"",""9""}"
217,"{""3""}","{""1"",""2""}"
218,"{""2"",""3""}","{""1"",""2"",""4"",""7"",""10""}"
219,"{""2"",""4""}","{""4""}"
220,"{""2""}","{""4""}"
221,"{""1"",""2""}","{""2"",""4"",""5""}"
222,"{""2""}","{""2""}"
223,"{""1""}","{""1""}"
224,"{""1""}","{""4""}"
225,"{""1""}","{""1"",""3"",""4""}"
226,"{""1""}","{""1"",""3"",""4""}"
227,"{""3""}","{""1"",""4"",""5""}"
228,"{""2""}","{""2"",""10""}"
229,"{""1""}","{""1""}"
230,"{""1""}","{""1""}"
231,"{""1""}","{""1""}"
232,"{""1"",""2""}","{""2"",""9""}"
233,"{""1"",""3""}","{""1"",""2"",""4""}"
234,"{""1""}","{""1"",""2"",""4""}"
235,"{""1"",""2""}","{""1"",""2"",""4""}"
236,"{""3""}","{""1"",""2""}"
237,"{""1"",""2""}","{""4"",""5""}"
238,"{""1""}","{""1"",""2"",""4""}"
239,"{""1""}","{""1"",""4""}"
240,"{""1""}","{""1"",""4""}"
241,"{""2"",""4""}","{""2"",""4"",""7""}"
242,"{""1""}","{""1"",""4""}"
243,"{""1""}","{""1"",""4"",""5""}"
244,"{""1""}","{""1"",""3"",""4""}"
245,"{""1""}","{""1"",""3"",""4""}"
246,"{""3""}","{""1""}"
247,"{""1""}","{""3""}"
248,"{""1""}","{""1"",""2"",""3""}"
249,"{""1""}","{""1"",""4""}"
250,"{""2""}","{""1"",""2""}"
251,"{""1""}","{""4""}"
252,"{""1""}","{""1"",""3""}"
253,"{""1""}","{""1"",""2""}"
254,"{""2""}","{""2""}"
255,"{""1"",""2"",""3""}","{""1"",""7""}"
256,"{""4""}","{""7""}"
257,"{""1""}","{""1"",""4""}"
258,"{""1""}","{""1"",""2"",""4"",""5"",""7"",""10""}"
259,"{""1"",""2"",""5""}","{""4"",""9""}"
260,"{""1""}","{""1"",""4""}"
261,"{""1"",""3"",""4""}","{""2""}"
262,"{""1""}","{""1"",""2""}"
263,"{""1""}","{""1""}"
264,"{""2""}","{""1""}"
265,"{""2"",""4""}","{""2"",""7"",""10""}"
266,"{""1"",""4""}","{""2"",""7""}"
267,"{""1""}","{""1""}"
268,"{""2""}","{""2""}"
269,"{""1"",""3""}","{""1"",""2"",""3"",""4""}"
270,"{""1""}","{""1"",""3"",""4""}"
271,"{""1"",""5""}","{""1"",""9""}"
272,"{""2"",""4""}","{""1"",""4""}"
273,"{""1"",""5""}","{""3""}"
274,"{""4""}","{""2""}"
275,"{""2"",""5""}","{""2"",""9""}"
276,"{""1""}","{""1""}"
277,"{""2""}",NULL
278,"{""1""}","{""1""}"
279,"{""1""}","{""1"",""2""}"
280,"{""1""}","{""1""}"
281,"{""1""}","{""1"",""4""}"
282,"{""1""}","{""1"",""10""}"
283,"{""1""}","{""4"",""7""}"
284,"{""1""}","{""1"",""4"",""5"",""7"",""9""}"
285,"{""2""}","{""1"",""2"",""4""}"
286,"{""1""}","{""1""}"
287,"{""1"",""2""}","{""2""}"
288,"{""1""}","{""1"",""3""}"
289,"{""2""}","{""1"",""4""}"
290,"{""1""}","{""1"",""2""}"
291,"{""1""}","{""1""}"
292,{},{}
293,"{""1"",""2""}","{""3"",""4"",""5""}"
294,"{""2""}","{""1""}"
295,"{""1"",""2"",""5""}","{""3""}"
296,"{""1""}","{""1"",""4""}"
297,"{""1""}","{""1"",""3""}"
298,"{""2"",""4""}","{""4""}"
299,"{""1""}","{""1""}"
300,"{""1""}","{""1"",""2"",""4""}"
301,"{""1"",""4""}","{""1"",""7"",""10""}"
302,"{""2"",""4""}","{""1"",""2"",""4""}"
303,"{""2""}","{""1"",""4""}"
304,"{""1"",""2""}","{""1"",""4""}"
305,"{""1""}","{""1"",""4""}"
306,"{""2""}","{""1"",""4"",""7"",""9""}"
307,"{""1"",""2""}","{""4""}"
308,"{""1"",""2"",""3"",""4""}","{""1"",""4"",""7""}"
309,"{""1""}","{""1"",""3"",""10""}"
310,"{""1"",""5""}","{""1"",""4"",""9""}"
311,"{""2"",""5""}","{""5"",""9""}"
312,"{""1""}","{""1""}"
313,"{""1""}","{""1"",""2"",""3"",""4"",""5"",""10""}"
314,"{""1"",""2""}","{""4""}"
315,"{""1""}","{""1"",""3""}"
316,"{""3""}","{""1""}"
317,"{""1""}","{""1"",""2"",""3""}"
318,"{""1""}","{""4"",""7""}"
319,"{""1""}","{""3"",""4"",""9""}"
320,"{""1"",""3""}","{""1"",""3"",""4""}"
321,"{""1"",""3""}","{""1"",""3"",""10""}"
322,"{""1""}","{""1"",""4"",""5""}"
323,"{""1"",""3""}","{""1"",""4"",""10""}"
324,"{""3""}","{""2""}"
325,"{""1""}","{""1"",""4"",""9""}"
326,"{""2"",""5""}","{""4"",""5"",""9""}"
327,"{""1""}","{""1"",""3"",""4""}"
328,"{""1"",""2""}","{""1"",""2""}"
329,"{""1"",""5""}","{""5"",""9""}"
330,"{""1""}","{""1"",""4""}"
331,"{""1""}","{""1"",""4""}"
332,"{""1"",""2""}","{""1"",""2"",""10""}"
333,"{""1""}","{""1"",""3"",""4""}"
334,"{""1"",""3""}","{""1""}"
335,"{""1"",""2"",""4""}","{""4""}"
336,"{""1"",""2"",""3""}","{""1"",""3"",""4""}"
337,"{""1""}","{""1""}"
338,"{""1"",""2"",""3"",""4"",""5""}","{""1"",""2"",""3"",""4"",""5"",""7"",""9"",""10""}"
339,"{""1"",""3""}","{""1"",""7"",""10""}"
340,"{""1""}","{""1""}"
341,"{""4""}","{""3""}"
342,"{""2"",""4""}","{""2""}"
343,"{""1"",""2""}","{""1"",""2"",""3"",""4"",""10""}"
344,"{""1""}","{""1""}"
345,"{""1""}","{""1"",""3"",""4""}"
346,"{""1"",""4""}","{""1"",""7""}"
347,"{""1""}","{""1""}"
348,"{""1""}","{""1"",""4"",""5""}"
349,"{""2""}","{""1"",""2"",""4""}"
350,"{""2""}","{""3"",""4""}"
351,"{""1"",""4""}","{""1"",""3""}"
352,"{""1""}","{""1"",""3"",""4""}"
353,"{""1"",""4""}","{""1"",""4"",""7""}"
354,"{""1""}","{""1"",""4""}"
355,"{""1"",""4""}","{""1"",""4""}"
356,"{""2"",""4""}","{""2"",""5""}"
357,"{""1"",""3""}","{""1"",""2"",""4""}"
358,"{""1""}","{""3""}"
359,"{""2""}","{""2"",""4"",""7""}"
360,"{""1""}","{""1""}"
361,"{""1"",""2""}","{""1""}"
362,"{""1""}",NULL
363,"{""1""}","{""4""}"
364,"{""1"",""2"",""5""}","{""4"",""9""}"
365,"{""1""}","{""1"",""4""}"
366,"{""3""}","{""2""}"
367,"{""2"",""4""}","{""2""}"
368,"{""2""}","{""2""}"
369,"{""1""}","{""1"",""9""}"
370,"{""1""}","{""1"",""2"",""4""}"
371,"{""4""}","{""2"",""7""}"
372,{},"{""1"",""4"",""7""}"
373,"{""1"",""3"",""5""}","{""1"",""2"",""4"",""5"",""9""}"
374,"{""1""}","{""1""}"
375,"{""1""}","{""1""}"
376,"{""4""}","{""2""}"
377,"{""1""}","{""1"",""4"",""7""}"
378,"{""1""}","{""1""}"
379,"{""1"",""2""}","{""4""}"
380,"{""1"",""2""}","{""1"",""2""}"
381,"{""1"",""2""}","{""1"",""4"",""9""}"
382,"{""2"",""4""}","{""4"",""5""}"
383,"{""1"",""2"",""5""}","{""3"",""7"",""9""}"
384,"{""2""}","{""2""}"
385,"{""2""}","{""2""}"
386,"{""1""}","{""1""}"
387,"{""3""}","{""1"",""2"",""4""}"
388,"{""1""}","{""1"",""4""}"
389,"{""1"",""2""}","{""2"",""4""}"
390,"{""1""}","{""1"",""3""}"
391,"{""1""}","{""3""}"
392,"{""1""}","{""1""}"
393,"{""1"",""5""}","{""1"",""3"",""4"",""5""}"
394,"{""1""}","{""1"",""3"",""4""}"
395,"{""2""}","{""2"",""4"",""9""}"
396,"{""1""}","{""1"",""2""}"
397,"{""1""}","{""1"",""2"",""4""}"
398,"{""1""}","{""1"",""4""}"
399,"{""1""}","{""1"",""4"",""5""}"
400,"{""2""}","{""2""}"
401,"{""2"",""4""}","{""4""}"
402,"{""1""}","{""1""}"
403,"{""2""}","{""1""}"
404,"{""1""}","{""1"",""2"",""3"",""4""}"
405,"{""1""}","{""1"",""3""}"
406,"{""2"",""4""}","{""1"",""4""}"
407,"{""1"",""2"",""4""}","{""4"",""7"",""9""}"
408,"{""1""}","{""1"",""3"",""4""}"
409,"{""1""}","{""3""}"
410,"{""1""}","{""1"",""3""}"
411,"{""1""}","{""1"",""3"",""4""}"
412,"{""1""}","{""1""}"
413,"{""1"",""2"",""4""}","{""2""}"
414,"{""1""}","{""1"",""3""}"
415,"{""1""}","{""1"",""3"",""4""}"
416,"{""2""}","{""1"",""2"",""4""}"
417,"{""1""}","{""1"",""4"",""5"",""7"",""10""}"
418,"{""1""}","{""1""}"
419,"{""1""}","{""1""}"
420,"{""1"",""2"",""4""}","{""4""}"
421,"{""2""}","{""4""}"
422,"{""2"",""4"",""5""}","{""2"",""4"",""5"",""7"",""9""}"
423,"{""3""}","{""4""}"
424,"{""2"",""4""}","{""4""}"
425,"{""1""}","{""1"",""3""}"
426,"{""1""}","{""1"",""3""}"
427,"{""1"",""2""}","{""4""}"
428,"{""1""}","{""1"",""2"",""4""}"
429,"{""2""}","{""3"",""7"",""10""}"
430,"{""1""}","{""1""}"
431,"{""1""}","{""1""}"
432,"{""1""}","{""1"",""3""}"
433,"{""1"",""4""}","{""1"",""9""}"
434,"{""3""}","{""1"",""2"",""4"",""10""}"
435,"{""1""}","{""1""}"
436,"{""1""}","{""1"",""4""}"
437,"{""3""}","{""2""}"
438,"{""1""}","{""1""}"
439,"{""1""}","{""1"",""9""}"
440,"{""2"",""4"",""5""}","{""2"",""3"",""4"",""7"",""9"",""10""}"
441,"{""2""}","{""2"",""5""}"
442,"{""1""}","{""3""}"
443,"{""1""}","{""1"",""2"",""3"",""4""}"
444,"{""4""}","{""2""}"
445,"{""1""}","{""1"",""3"",""4""}"
446,"{""2""}","{""1"",""2""}"
447,"{""1"",""2"",""5""}","{""2"",""4"",""7""}"
448,"{""1""}","{""1""}"
449,"{""1""}","{""1""}"
450,"{""1""}","{""4""}"
451,"{""1"",""2""}","{""2""}"
452,"{""4""}","{""3""}"
453,"{""1""}","{""1""}"
454,"{""2""}","{""4""}"
455,"{""1"",""2""}","{""3""}"
456,"{""3""}","{""1"",""2"",""4""}"
457,"{""1""}","{""1"",""4""}"
458,"{""2"",""5""}","{""1"",""4"",""9""}"
459,"{""2""}","{""1"",""4"",""5""}"
460,"{""1"",""2"",""4""}","{""2""}"
461,"{""1""}","{""4""}"
462,"{""1""}","{""4""}"
463,"{""1""}","{""1"",""2"",""3""}"
464,"{""3""}","{""1"",""2"",""4""}"
465,"{""1"",""2"",""5""}","{""4"",""5"",""7"",""9""}"
466,"{""1""}","{""1""}"
467,"{""1""}","{""1"",""2""}"
468,"{""1""}","{""1""}"
469,"{""1""}","{""2""}"
470,"{""1""}","{""1"",""2"",""3"",""4"",""5""}"
471,"{""1""}","{""1""}"
472,"{""1""}","{""1""}"
473,"{""1""}","{""1"",""4"",""10""}"
474,"{""1""}","{""1"",""4""}"
475,"{""1""}","{""1""}"
476,"{""1"",""2"",""5""}","{""4""}"
477,"{""1""}","{""1"",""7""}"
478,"{""2"",""4""}","{""1"",""2"",""4"",""5""}"
479,"{""1""}","{""1""}"
480,"{""2""}","{""2""}"
481,"{""1"",""2"",""4""}","{""4""}"
482,"{""1""}","{""2""}"
483,"{""2"",""4""}","{""3"",""4""}"
484,"{""1""}","{""1"",""2"",""5""}"
485,"{""1""}","{""1"",""2"",""3"",""4"",""7"",""10""}"
486,"{""2""}","{""4""}"
487,"{""1"",""3""}","{""1"",""4""}"
488,"{""2""}","{""1"",""2"",""4""}"
489,"{""2""}","{""1"",""4""}"
490,"{""1"",""2""}","{""4""}"
491,"{""1""}","{""1"",""3""}"
492,"{""1""}","{""1"",""2"",""3"",""7"",""10""}"
493,"{""1""}","{""1""}"
494,"{""1"",""2""}","{""2"",""4""}"
495,"{""1""}","{""1"",""4""}"
496,"{""1""}","{""1"",""3""}"
497,"{""1"",""4"",""5""}","{""1"",""4"",""9""}"
498,"{""1""}","{""1""}"
499,"{""1""}","{""1""}"
500,"{""2"",""3""}","{""1"",""4"",""5""}"
501,"{""1"",""2"",""4""}","{""2"",""4"",""5"",""7"",""10""}"
502,"{""1""}","{""1""}"
503,"{""2""}","{""1""}"
504,"{""2"",""4"",""5""}","{""4"",""9""}"
505,"{""1""}","{""1"",""4""}"
506,"{""1""}","{""1"",""3""}"
507,"{""1""}","{""1"",""7""}"
508,"{""2"",""4""}","{""1"",""4""}"
509,"{""1""}","{""1""}"
510,"{""3""}","{""1"",""2""}"
511,"{""1""}","{""1""}"
512,"{""1"",""2"",""4"",""5""}","{""4""}"
513,"{""1""}","{""1"",""3"",""4""}"
514,"{""1""}","{""1"",""10""}"
515,"{""1""}","{""1"",""2"",""4""}"
516,"{""4""}","{""2""}"
517,"{""1""}","{""1"",""2"",""4"",""5""}"
518,"{""1""}","{""1""}"
519,"{""2""}","{""2""}"
520,"{""1""}","{""1""}"
521,"{""1""}","{""1"",""3""}"
522,"{""2""}","{""1"",""4""}"
523,"{""2""}","{""2""}"
524,"{""1""}","{""1"",""4""}"
525,"{""1""}","{""1""}"
526,"{""1""}","{""1""}"
527,"{""2"",""5""}","{""1"",""2"",""3"",""4"",""5"",""9""}"
528,"{""2""}","{""1"",""2""}"
529,"{""1""}","{""1"",""5"",""10""}"
530,"{""1""}","{""3""}"
531,"{""1""}","{""1""}"
532,"{""2"",""4""}","{""5""}"
533,"{""1""}","{""1""}"
534,"{""1""}","{""1""}"
535,"{""1""}","{""1"",""3"",""4"",""5""}"
536,"{""1""}","{""1"",""2"",""4""}"
537,"{""1"",""3""}","{""4""}"
538,"{""1""}","{""1"",""2""}"
539,"{""2""}","{""1"",""2"",""4""}"
540,"{""1""}","{""1"",""3""}"
541,"{""1"",""5""}","{""1"",""5"",""9""}"
542,"{""1""}","{""1"",""7""}"
543,"{""1""}","{""1""}"
544,"{""1""}","{""1"",""3"",""4"",""9""}"
545,"{""1"",""3""}","{""1"",""2"",""7"",""10""}"
546,"{""1""}","{""1"",""4"",""9""}"
547,"{""1"",""3"",""4"",""5""}","{""1"",""2"",""3"",""4""}"
548,"{""1""}","{""1"",""4"",""9""}"
549,"{""2""}","{""2""}"
550,"{""4"",""5""}","{""2"",""9""}"
551,"{""1""}","{""3"",""9""}"
552,"{""3""}","{""1"",""2"",""3""}"
553,"{""1""}","{""1""}"
554,"{""2""}","{""4""}"
555,"{""1""}","{""1"",""4""}"
556,"{""3""}","{""1"",""2"",""3"",""4""}"
557,"{""4""}","{""2""}"
558,"{""1""}","{""1"",""3""}"
559,"{""1""}","{""1""}"
560,"{""1""}","{""1""}"
561,"{""1""}","{""1"",""4""}"
562,"{""2""}",NULL
563,"{""2""}","{""4""}"
564,"{""1""}","{""1"",""10""}"
565,"{""1""}","{""1""}"
566,"{""1"",""5""}","{""1"",""9""}"
567,"{""1"",""4""}","{""4""}"
568,"{""1""}","{""1""}"
569,"{""1""}","{""1"",""2""}"
570,"{""2"",""4""}","{""2"",""3"",""7"",""10""}"
571,"{""2"",""4""}","{""5""}"
572,"{""1""}","{""3""}"
573,"{""1""}","{""1"",""2"",""7""}"
574,"{""1""}","{""1"",""7""}"
575,"{""1"",""2""}","{""2""}"
576,"{""2""}","{""1"",""4"",""7"",""9""}"
577,"{""2"",""4""}","{""4""}"
578,"{""1""}","{""1"",""2"",""4"",""5""}"
579,"{""1""}","{""1""}"
580,"{""1""}","{""1""}"
581,"{""1""}","{""1"",""3"",""4""}"
582,"{""1"",""2""}","{""1""}"
583,"{""2""}","{""4""}"
584,"{""1""}","{""1"",""3""}"
585,"{""1"",""3""}","{""1"",""2"",""7""}"
586,"{""1""}","{""1""}"
587,"{""1""}","{""1""}"
588,"{""2""}","{""2""}"
589,"{""4""}","{""4"",""9"",""10""}"
590,"{""1"",""4""}","{""1"",""2"",""4"",""7""}"
591,"{""1""}","{""4"",""1"",""2""}"
592,"{""1"",""3""}","{""1""}"
593,"{""1""}","{""1""}"
594,"{""1""}","{""1"",""4"",""5""}"
595,"{""1"",""3""}","{""1"",""2"",""7""}"
596,"{""2"",""4""}","{""4""}"
597,"{""1""}","{""4"",""7""}"
598,"{""1"",""2""}","{""1"",""2""}"
599,"{""1""}","{""1""}"
600,"{""2""}","{""1"",""4"",""7""}"
601,"{""1""}","{""1"",""2"",""7""}"
602,"{""2""}","{""2""}"
603,"{""2""}","{""1""}"
604,"{""1""}","{""1"",""7""}"
605,"{""1""}","{""1""}"
606,"{""1""}","{""1""}"
607,"{""1"",""2"",""4""}","{""4""}"
608,"{""4""}","{""1"",""4""}"
609,"{""1"",""2""}","{""1"",""4""}"
610,"{""1"",""2""}","{""3""}"
611,"{""1"",""3""}","{""1"",""2""}"
612,"{""1""}","{""1""}"
613,"{""1""}","{""1"",""4"",""5""}"
614,"{""1""}","{""1"",""2"",""3""}"
615,"{""2""}","{""1"",""4""}"
616,"{""2""}","{""2""}"
617,"{""1""}","{""3"",""4""}"
618,"{""1"",""3""}","{""1""}"
619,"{""1"",""4""}","{""2"",""3""}"
620,"{""1""}","{""1"",""3""}"
621,{},{}
622,"{""1"",""2""}","{""4""}"
623,"{""1"",""2""}","{""4""}"
624,"{""1""}","{""1"",""3"",""4""}"
625,"{""1"",""2"",""3""}","{""4"",""5""}"
626,"{""1""}","{""1"",""2"",""3""}"
627,"{""1""}","{""1"",""3""}"
628,"{""1""}","{""1""}"
629,"{""2"",""3""}","{""1""}"
630,"{""1"",""2""}","{""1"",""4""}"
631,"{""1""}","{""1"",""2"",""4"",""5""}"
632,"{""2""}","{""2""}"
633,"{""1""}","{""1"",""4""}"
634,"{""1""}","{""1"",""4"",""7""}"
635,"{""1""}","{""1"",""3""}"
636,"{""1""}","{""1"",""4""}"
637,"{""1""}","{""1""}"
638,"{""1""}","{""1"",""4""}"
639,"{""4""}","{""2""}"
640,"{""1""}","{""1"",""3""}"
641,"{""1""}","{""1"",""4""}"
642,"{""1""}","{""1""}"
643,"{""1""}","{""1"",""2"",""9""}"
644,"{""1"",""4""}","{""1"",""2"",""5""}"
645,"{""1""}","{""1"",""3"",""4"",""5"",""7""}"
646,"{""1""}","{""1""}"
647,"{""1""}","{""1"",""3""}"
648,"{""1"",""2""}","{""2""}"
649,"{""1"",""2""}","{""7""}"
650,"{""1""}","{""1""}"
651,"{""1""}","{""1""}"
652,"{""1"",""5""}","{""1"",""9"",""10""}"
653,"{""1""}","{""1"",""4""}"
654,"{""1"",""3""}","{""2""}"
655,"{""3""}","{""1"",""4""}"
656,"{""4""}","{""2""}"
657,"{""1""}","{""2"",""10""}"
658,"{""1"",""3""}","{""1"",""2"",""7""}"
659,"{""1""}","{""1"",""4""}"
660,"{""3""}",NULL
661,"{""1""}","{""1"",""4"",""7"",""9""}"
662,"{""2""}","{""4"",""7"",""9""}"
663,"{""4""}","{""2"",""7"",""10""}"
664,"{""1"",""3""}","{""1"",""2""}"
665,"{""1"",""5""}","{""1"",""4"",""5"",""7"",""9""}"
666,"{""1"",""3""}","{""1"",""2""}"
667,"{""1""}","{""1""}"
668,"{""1"",""2"",""3"",""4"",""5""}","{""5"",""10""}"
669,"{""2"",""5""}","{""5"",""7"",""9""}"
670,"{""1""}","{""1"",""2"",""4"",""7""}"
671,"{""2""}","{""4""}"
672,"{""2""}","{""1"",""4""}"
673,"{""1"",""2"",""3"",""4""}","{""1"",""4""}"
674,"{""1""}","{""1"",""4""}"
675,"{""1""}","{""1"",""4""}"
676,"{""4""}","{""5""}"
677,"{""2"",""4""}","{""5"",""7"",""9""}"
678,"{""2""}","{""4""}"
679,"{""1""}","{""1""}"
680,"{""1""}","{""4""}"
681,"{""1"",""2""}","{""2""}"
682,"{""1""}","{""1"",""4"",""7"",""9"",""10""}"
683,"{""1"",""3""}","{""5""}"
684,"{""1"",""3""}","{""1""}"
685,"{""1""}","{""1""}"
686,"{""1"",""4""}","{""2""}"
687,"{""1""}",NULL
688,"{""1""}","{""1""}"
689,"{""1""}","{""1"",""3"",""4""}"
690,"{""2""}","{""2""}"
691,"{""1""}","{""1""}"
692,"{""1""}","{""1""}"
693,"{""1""}","{""1""}"
694,"{""1""}","{""1"",""4""}"
695,"{""1""}","{""1"",""2""}"
696,"{""1""}","{""1""}"
697,"{""1""}","{""1"",""3"",""4""}"
698,"{""1""}","{""1"",""4""}"
699,"{""1"",""2"",""4""}","{""1"",""5"",""7"",""10""}"
700,"{""2""}","{""1"",""4""}"
701,"{""1""}","{""1""}"
702,"{""1""}","{""1"",""3"",""4""}"
703,"{""1""}","{""4""}"
704,"{""2""}","{""2"",""4"",""5"",""10""}"
705,"{""1""}","{""1"",""2"",""3""}"
706,"{""2"",""4""}","{""4"",""5"",""7""}"
707,"{""2""}","{""4""}"
708,"{""2""}","{""1"",""4""}"
709,"{""2""}","{""1"",""4""}"
710,"{""2""}","{""4"",""5""}"
711,"{""1""}","{""1"",""4""}"
712,"{""1""}","{""1"",""2""}"
713,"{""1""}","{""1"",""3""}"
714,"{""1""}","{""1""}"
715,"{""3""}","{""4"",""5""}"
716,"{""1""}","{""1"",""2""}"
717,"{""1"",""4""}","{""4"",""5""}"
718,"{""1""}","{""1"",""3""}"
719,"{""2"",""4""}","{""4""}"
720,"{""1""}","{""1""}"
721,"{""1""}","{""4""}"
722,"{""2""}","{""4""}"
723,"{""1""}","{""1""}"
724,"{""1""}","{""1""}"
725,"{""1""}","{""1"",""4""}"
726,"{""2""}","{""4""}"
727,"{""1""}","{""1""}"
728,"{""1""}","{""1"",""3"",""4""}"
729,"{""1""}","{""3""}"
730,"{""1""}","{""4"",""5""}"
731,"{""1""}","{""1""}"
732,"{""1""}","{""1"",""7""}"
733,"{""2""}","{""1"",""4""}"
734,"{""2""}","{""1"",""3"",""4""}"
735,"{""1""}","{""1""}"
736,"{""2""}","{""1"",""2"",""7""}"
737,"{""1""}","{""1"",""4""}"
738,"{""1""}","{""1"",""2"",""3"",""4"",""10""}"
739,"{""1""}","{""1"",""4""}"
740,"{""2"",""4""}","{""4""}"
741,"{""2""}","{""4""}"
742,"{""1""}","{""1"",""3""}"
743,"{""4""}","{""2""}"
744,"{""1""}","{""1""}"
745,"{""1"",""3""}","{""1"",""2""}"
746,"{""1""}","{""1"",""2""}"
747,"{""1"",""2"",""4""}","{""1"",""4""}"
748,"{""1""}","{""1""}"
749,"{""1"",""2"",""4""}","{""1"",""4"",""5"",""7"",""9""}"
750,"{""1""}","{""1""}"
751,"{""1"",""3""}","{""1"",""2"",""3"",""4"",""5""}"
752,"{""1"",""2""}","{""1"",""4"",""7""}"
753,"{""1""}","{""2""}"
754,"{""1""}","{""1"",""3""}"
755,"{""1""}","{""1"",""2""}"
756,"{""1"",""2""}","{""1"",""2""}"
757,"{""1""}","{""1"",""4""}"
758,"{""1""}","{""1""}"
759,"{""1"",""3"",""4"",""5""}","{""3"",""7"",""9"",""10""}"
760,"{""1""}","{""1"",""4""}"
761,"{""1""}","{""1""}"
762,"{""1""}","{""1"",""4""}"
763,"{""1""}","{""1""}"
764,"{""1"",""4"",""5""}","{""1"",""4"",""5"",""9""}"
765,"{""2"",""4""}","{""4""}"
766,"{""1""}","{""1"",""3""}"
767,"{""2"",""4""}","{""4""}"
768,"{""1"",""2"",""4""}","{""7""}"
769,"{""1""}","{""1""}"
770,"{""2""}","{""3"",""4"",""9""}"
771,"{""1""}","{""1"",""4""}"
772,"{""1"",""2""}","{""1"",""3""}"
773,"{""1""}","{""1"",""4""}"
774,"{""2""}","{""2""}"
775,"{""1""}","{""4""}"
776,"{""1""}","{""1""}"
777,"{""1"",""5""}","{""3""}"
778,"{""1"",""4"",""5""}","{""1"",""7""}"
779,"{""1"",""4"",""5""}","{""1"",""2"",""5"",""7"",""9""}"
780,"{""1""}","{""1"",""3""}"
781,"{""1""}","{""1""}"
782,"{""4""}","{""7""}"
783,"{""4""}","{""2"",""9"",""10""}"
784,"{""1"",""3"",""4""}","{""1"",""2"",""9"",""10""}"
785,"{""1""}","{""1"",""9""}"
786,"{""1""}","{""3""}"
787,"{""1"",""2"",""3""}","{""1"",""2"",""4""}"
788,"{""1""}","{""1""}"
789,"{""1""}","{""1"",""7""}"
790,"{""4""}","{""2""}"
791,"{""1"",""4""}","{""1"",""5""}"
792,"{""1""}","{""1"",""3""}"
793,"{""1"",""5""}","{""4"",""5"",""9""}"
794,"{""2"",""3"",""4"",""5""}","{""4"",""5"",""9""}"
795,"{""2""}","{""5""}"
796,"{""2"",""5""}","{""4"",""5"",""7"",""9""}"
797,"{""1"",""2"",""3"",""4"",""5""}","{""1"",""3"",""4"",""5"",""7"",""9""}"
798,"{""1""}","{""1""}"
799,"{""2""}","{""1""}"
800,"{""1""}","{""1"",""4""}"
801,"{""1""}","{""1"",""2""}"
802,"{""1""}","{""1"",""4""}"
803,"{""1"",""3""}","{""1"",""2""}"
804,"{""1""}","{""1""}"
805,"{""2""}","{""2""}"
806,"{""1""}","{""4""}"
807,"{""1""}","{""2""}"
808,"{""1""}","{""1"",""4"",""5""}"
809,"{""2""}","{""1"",""4""}"
810,"{""1""}","{""1"",""4""}"
811,"{""1""}","{""1""}"
812,"{""1""}","{""1"",""2""}"
813,"{""1"",""2"",""4""}","{""4""}"
814,"{""4""}","{""2"",""4"",""7""}"
815,"{""1""}","{""1"",""3""}"
816,"{""2"",""5""}","{""3"",""9""}"
817,"{""1""}","{""1""}"
818,"{""1""}","{""4""}"
819,"{""1"",""2""}","{""1"",""4"",""5"",""7""}"
820,"{""1""}","{""1""}"
821,"{""2"",""5""}","{""4"",""9""}"
822,"{""1""}","{""1"",""2"",""4"",""5""}"
823,"{""1""}","{""3""}"
824,"{""1""}","{""1"",""4""}"
825,"{""2""}","{""2"",""4"",""7""}"
826,"{""1""}","{""1"",""3"",""4""}"
827,"{""1""}","{""1"",""3"",""4""}"
828,"{""1"",""3""}","{""1"",""2""}"
829,"{""1""}","{""1"",""4""}"
830,"{""1""}","{""1""}"
831,"{""2""}","{""4""}"
832,"{""4""}","{""1"",""2"",""7"",""10""}"
833,"{""1""}","{""1""}"
834,"{""2"",""4"",""5""}","{""4"",""5"",""7"",""9""}"
835,"{""1""}","{""1"",""4""}"
836,"{""1""}","{""1"",""4""}"
837,"{""1""}","{""1"",""4"",""5""}"
838,"{""1""}","{""2""}"
839,"{""1""}","{""3"",""4""}"
840,"{""1""}","{""1"",""4""}"
841,"{""2""}",NULL
842,"{""2"",""4""}","{""2""}"
843,"{""1""}","{""1"",""2""}"
844,"{""1""}","{""1"",""2"",""7""}"
845,"{""1""}","{""1"",""2"",""4""}"
846,"{""1""}","{""1"",""2"",""4"",""5""}"
847,"{""1"",""2""}","{""1"",""4""}"
848,"{""1""}","{""1"",""3"",""4"",""7""}"
849,"{""2""}","{""1"",""2"",""4"",""7""}"
850,"{""1"",""4""}","{""1"",""4""}"
851,"{""2""}","{""1"",""4""}"
852,"{""1""}","{""1"",""3"",""4""}"
853,"{""1""}","{""4""}"
854,"{""1""}","{""1""}"
855,"{""1""}","{""3""}"
856,"{""1""}","{""1""}"
857,"{""1""}","{""1"",""4""}"
858,"{""2""}","{""2"",""4"",""5""}"
859,"{""1""}","{""1"",""3""}"
860,"{""2""}","{""1"",""4""}"
861,"{""1""}","{""1"",""3""}"
862,"{""1""}","{""1"",""2"",""4"",""5""}"
863,"{""1""}","{""3""}"
864,"{""1"",""2""}","{""4"",""5""}"
865,"{""1"",""2"",""3""}","{""1""}"
866,"{""1""}","{""1"",""4""}"
867,"{""1""}","{""1"",""2""}"
868,"{""2"",""4""}","{""1"",""4""}"
869,"{""2"",""4""}","{""1"",""7""}"
870,"{""1""}","{""1"",""7""}"
871,"{""1""}","{""1"",""2"",""3""}"
872,"{""2""}","{""2"",""5"",""9""}"
873,"{""2"",""4""}","{""1"",""2"",""4""}"
874,"{""1""}","{""1""}"
875,"{""2""}","{""2""}"
876,"{""1""}","{""1"",""3""}"
877,"{""1""}","{""1""}"
878,"{""3""}","{""1"",""2""}"
879,"{""1""}","{""2"",""5""}"
880,"{""1"",""2"",""4""}","{""1"",""2"",""9""}"
881,"{""1"",""4""}","{""1"",""2""}"
882,"{""1""}","{""1""}"
883,"{""1""}","{""1"",""4""}"
884,"{""2"",""4""}","{""1"",""3"",""7""}"
885,"{""1"",""3"",""5""}","{""2"",""7"",""9""}"
886,"{""1""}","{""1"",""2""}"
887,"{""1""}","{""1""}"
888,"{""2""}","{""4""}"
889,"{""1""}","{""1"",""4""}"
890,"{""1"",""2""}","{""2""}"
891,"{""1"",""4""}","{""1"",""4"",""10""}"
892,"{""1""}","{""1"",""4""}"
893,"{""1""}","{""1""}"
894,"{""1""}","{""1"",""4"",""10""}"
895,"{""1""}","{""1"",""2"",""3"",""4""}"
896,"{""1""}","{""1"",""9""}"
897,"{""1"",""5""}","{""1"",""2"",""9""}"
898,"{""2"",""4""}","{""1"",""3""}"
899,"{""1""}","{""1"",""5""}"
900,"{""1"",""3""}","{""1"",""2""}"
901,"{""1"",""4"",""5""}","{""1"",""7"",""10""}"
902,"{""1""}","{""1"",""7""}"
903,"{""2""}","{""5""}"
904,"{""1"",""2"",""4"",""5""}","{""2"",""3"",""4"",""9""}"
905,"{""1"",""2"",""3"",""4""}","{""4"",""5"",""7""}"
906,"{""2"",""3""}","{""4"",""5""}"
907,"{""2"",""5""}","{""4"",""10""}"
908,"{""1"",""2""}","{""2"",""4""}"
909,"{""1""}","{""3"",""7""}"
910,"{""1""}","{""1"",""2""}"
911,"{""1""}","{""1""}"
912,"{""1""}","{""1"",""4""}"
913,"{""1""}","{""1""}"
914,"{""2""}","{""1"",""2"",""7""}"
915,"{""1"",""4""}","{""1"",""7"",""9""}"
916,"{""1""}","{""1"",""2"",""7"",""10""}"
917,"{""1"",""2""}","{""1"",""2""}"
918,"{""1""}","{""1""}"
919,"{""1""}","{""3""}"
920,"{""1""}","{""4""}"
921,"{""1""}","{""1""}"
922,"{""3""}","{""1"",""2"",""4""}"
923,"{""1"",""2"",""5""}","{""3""}"
924,"{""1""}","{""1""}"
925,"{""1""}","{""1""}"
926,"{""1"",""4""}","{""4"",""5""}"
927,"{""1""}","{""1"",""4"",""9""}"
928,"{""1"",""5""}","{""1"",""4""}"
929,"{""1"",""2""}","{""3""}"
930,"{""1"",""4""}","{""1"",""3"",""7""}"
931,"{""4""}","{""2"",""7""}"
932,"{""4""}","{""1"",""2"",""4"",""7""}"
933,"{""2""}","{""1"",""4"",""7""}"
934,"{""1"",""2"",""4""}","{""4"",""5"",""7"",""9""}"
935,"{""1"",""5""}","{""1"",""7"",""9""}"
936,"{""2"",""4"",""5""}","{""3""}"
937,"{""1""}","{""1"",""3"",""7"",""9""}"
938,"{""1""}","{""1"",""4""}"
939,"{""3""}","{""1"",""2"",""4""}"
940,"{""4""}","{""1""}"
941,"{""1""}","{""1"",""4""}"
942,"{""1""}","{""1"",""3""}"
943,"{""1"",""2"",""3""}","{""2""}"
944,"{""1"",""2""}","{""1"",""5"",""7"",""9""}"
945,"{""1"",""4""}","{""5"",""7"",""9""}"
946,"{""2""}","{""2"",""4"",""5""}"
947,"{""2"",""5""}","{""3"",""4"",""9""}"
948,"{""1"",""4""}","{""4"",""7""}"
949,"{""1"",""2""}","{""1"",""2""}"
950,"{""1"",""3""}","{""1""}"
951,"{""4""}","{""2"",""9""}"
952,"{""1"",""3""}","{""1"",""10""}"
953,"{""1""}","{""2""}"
954,"{""1"",""5""}","{""1"",""3"",""4"",""9""}"
955,"{""1"",""2""}","{""1"",""3""}"
956,"{""1"",""4"",""5""}","{""2"",""5"",""9""}"
957,"{""1"",""2"",""4""}","{""1"",""3"",""4"",""5""}"
958,"{""2"",""4"",""5""}","{""5"",""9""}"
959,"{""1"",""2""}","{""1"",""3""}"
960,"{""2""}","{""4"",""5"",""9""}"
961,"{""2"",""4""}","{""2"",""7"",""9""}"
962,"{""1""}","{""2"",""4"",""5""}"
963,"{""2""}","{""1"",""3"",""4"",""9""}"
964,"{""1"",""2""}","{""1"",""4"",""7""}"
965,"{""1"",""2""}","{""1"",""3""}"
966,"{""1""}","{""1"",""7""}"
967,"{""1"",""2""}","{""1"",""4"",""7""}"
968,"{""2"",""3""}","{""2""}"
969,"{""1""}","{""1"",""4""}"
970,"{""2"",""4""}","{""1"",""7""}"
971,"{""1""}","{""1"",""4""}"
972,"{""1"",""5""}","{""1"",""4""}"
973,"{""1"",""4""}","{""4"",""5""}"
974,"{""1"",""3"",""4""}","{""3"",""5""}"
975,"{""1"",""3"",""5""}","{""1"",""2""}"
976,"{""1""}","{""1"",""4""}"
977,"{""1""}","{""1""}"
978,"{""1"",""5""}","{""1"",""4"",""9""}"
979,"{""1"",""5""}","{""3"",""9""}"
980,"{""2"",""5""}","{""5""}"
981,"{""1""}","{""1"",""4""}"
982,"{""1"",""4""}","{""4"",""5"",""7"",""9""}"
983,"{""2""}","{""1"",""5""}"
984,"{""1""}","{""1"",""4"",""9""}"
985,"{""1""}","{""1"",""2""}"
986,"{""1""}","{""1""}"
987,"{""1""}","{""1"",""2"",""4""}"
988,"{""1""}","{""1"",""4""}"
989,"{""2""}","{""2"",""3""}"
990,"{""1"",""5""}","{""4"",""7"",""9""}"
991,"{""1""}","{""1"",""4""}"
992,"{""1""}","{""1"",""3"",""7""}"
993,"{""1""}","{""1"",""4"",""7"",""10""}"
994,"{""1"",""2""}","{""4""}"
995,"{""1"",""3"",""5""}","{""1"",""10""}"
996,"{""2"",""5""}","{""1"",""2"",""4"",""5"",""9"",""10""}"
997,"{""1""}","{""1"",""3""}"
998,"{""1"",""2"",""3"",""4""}","{""4"",""5""}"
999,"{""1"",""2""}","{""1"",""4"",""7""}"
1000,"{""1""}","{""1""}"
1001,"{""1""}","{""1""}"
1002,"{""1""}","{""1"",""3""}"
1003,"{""1""}","{""1""}"
1004,"{""1""}","{""1"",""7""}"
1005,"{""1""}","{""3""}"
1006,"{""1"",""4""}","{""4""}"
1007,"{""1""}","{""1"",""2"",""4""}"
1008,"{""1""}","{""1"",""2"",""3"",""4""}"
1009,"{""1"",""4""}","{""1""}"
1010,"{""1""}","{""1""}"
1011,"{""1""}","{""1"",""2"",""4""}"
1012,"{""1""}","{""1"",""4"",""7""}"
1013,{},NULL
1014,"{""1"",""4""}","{""1"",""4"",""7""}"
1015,"{""1""}","{""1""}"
1016,"{""1""}","{""1"",""4""}"
1017,"{""1""}","{""1"",""2"",""3""}"
1018,"{""1""}","{""1"",""2"",""7"",""9""}"
1019,"{""1""}","{""1"",""5""}"
1020,"{""1""}","{""1"",""3""}"
1021,"{""4""}","{""2""}"
1022,"{""1""}","{""1"",""3"",""5""}"
1023,"{""2"",""4""}","{""2"",""7""}"
1024,"{""1""}","{""1"",""4""}"
1025,"{""2""}","{""1"",""4""}"
1026,"{""1""}","{""1"",""3"",""10""}"
1027,"{""1""}","{""1"",""4""}"
1028,"{""1""}","{""1""}"
1029,"{""1""}","{""1""}"
1030,"{""2"",""4""}","{""3"",""4""}"
1031,"{""2""}","{""2"",""4""}"
1032,"{""1""}","{""1"",""4"",""5""}"
1033,"{""1"",""2""}","{""3"",""4"",""9""}"
1034,"{""1""}","{""1"",""2"",""3""}"
1035,"{""1""}","{""1"",""4""}"
1036,"{""1"",""2""}","{""1"",""3""}"
1037,"{""1"",""2""}","{""2""}"
1038,"{""1""}","{""1""}"
1039,"{""1"",""3""}","{""1""}"
1040,"{""1"",""3"",""4""}","{""1"",""4"",""5""}"
1041,"{""1"",""2"",""5""}","{""2"",""9""}"
1042,"{""1""}","{""1"",""3""}"
1043,"{""2""}","{""4""}"
1044,"{""1""}","{""1""}"
1045,"{""1""}","{""1""}"
1046,"{""1""}","{""1"",""4""}"
1047,"{""1"",""3""}","{""1"",""2""}"
1048,"{""4""}","{""2"",""4""}"
1049,{},{}
1050,"{""1""}","{""1"",""4""}"
1051,"{""1""}","{""1""}"
1052,"{""1""}","{""1"",""2""}"
1053,"{""4""}","{""1""}"
1054,"{""1""}","{""1""}"
1055,"{""1""}","{""1"",""3"",""4"",""7""}"
1056,"{""1""}","{""1"",""3"",""4""}"
1057,"{""1"",""4""}","{""2""}"
1058,"{""1""}","{""1"",""2""}"
1059,"{""1""}","{""4""}"
1060,"{""1"",""4""}","{""1"",""7""}"
1061,"{""2""}","{""4"",""5""}"
1062,"{""1"",""2""}","{""1"",""2""}"
1063,"{""1""}","{""1""}"
1064,"{""1""}","{""1"",""4""}"
1065,"{""1""}","{""1""}"
1066,"{""2""}","{""2""}"
1067,"{""1""}","{""1"",""2"",""4""}"
1068,"{""1""}","{""1"",""4""}"
1069,"{""2"",""4""}","{""2"",""5"",""7"",""9""}"
1070,"{""2""}","{""1"",""2"",""4""}"
1071,"{""1""}","{""1""}"
1072,"{""1""}","{""1"",""3""}"
1073,"{""1""}","{""1""}"
1074,"{""3""}","{""1""}"
1075,"{""1""}","{""1""}"
1076,"{""1""}","{""1"",""3"",""4""}"
1077,"{""1""}","{""1"",""2""}"
1078,"{""4""}","{""2"",""7""}"
1079,"{""1""}","{""1""}"
1080,"{""1""}","{""1""}"
1081,"{""1""}","{""1""}"
1082,"{""4""}","{""2""}"
1083,"{""1""}","{""1"",""4""}"
1084,"{""2"",""4""}","{""2"",""4"",""5"",""7""}"
1085,"{""3""}","{""1"",""2""}"
1086,"{""1"",""2""}","{""1"",""2"",""7"",""10""}"
1087,"{""1""}","{""1""}"
1088,"{""1"",""2""}","{""4""}"
1089,"{""1""}","{""1"",""4""}"
1090,"{""1"",""4""}","{""1"",""4"",""7""}"
1091,"{""1"",""2"",""3""}","{""1"",""2"",""5"",""7""}"
1092,"{""4""}","{""2""}"
1093,"{""1""}","{""3"",""4"",""5""}"
1094,"{""1""}","{""1""}"
1095,"{""1""}","{""1""}"
1096,"{""1"",""3""}","{""1"",""2"",""4""}"
1097,"{""1""}",{}
1098,"{""2"",""3""}","{""1"",""7""}"
1099,"{""1""}","{""1"",""2"",""5""}"
1100,"{""1""}","{""1"",""5""}"
1101,"{""2""}","{""4"",""5"",""7""}"
1102,"{""1"",""2""}","{""3""}"
1103,"{""2"",""4""}","{""4"",""5""}"
1104,"{""1"",""4""}","{""4""}"
1105,"{""1""}","{""1"",""4""}"
1106,"{""1"",""3""}","{""4""}"
1107,"{""1""}","{""4""}"
1108,"{""1""}","{""1""}"
1109,"{""1""}","{""1""}"
1110,"{""1"",""2""}","{""4""}"
1111,"{""1""}","{""1""}"
1112,"{""2""}","{""1"",""2""}"
1113,"{""1""}","{""1"",""2"",""4""}"
1114,"{""1""}","{""1"",""4""}"
1115,"{""1""}","{""1"",""2"",""7"",""10""}"
1116,"{""1"",""4""}","{""1"",""7"",""10""}"
1117,"{""1""}","{""1"",""3""}"
1118,"{""1""}","{""1"",""4""}"
1119,"{""2"",""5""}","{""4""}"
1120,"{""1""}","{""1"",""3""}"
1121,"{""1""}","{""1"",""2"",""4""}"
1122,"{""2"",""3""}","{""1"",""2"",""4"",""7""}"
1123,"{""3""}","{""1"",""2"",""3""}"
1124,"{""1""}","{""1"",""2"",""3"",""4""}"
1125,"{""2""}","{""2"",""5""}"
1126,"{""2""}","{""2""}"
1127,"{""1"",""4""}","{""1"",""5"",""10""}"
1128,"{""4""}","{""2"",""10""}"
1129,"{""2"",""5""}","{""4"",""5"",""9""}"
1130,"{""1""}","{""1"",""4""}"
1131,"{""1""}","{""1""}"
1132,"{""1""}","{""1"",""4""}"
1133,"{""1""}","{""1""}"
1134,"{""2"",""3"",""4""}","{""1"",""2"",""4"",""7"",""9""}"
1135,{},NULL
1136,"{""1""}","{""1"",""4""}"
1137,"{""1"",""4""}","{""7""}"
1138,"{""2"",""4""}","{""1"",""2""}"
1139,"{""1"",""2""}","{""4"",""10""}"
1140,"{""2""}","{""1"",""5"",""7""}"
1141,"{""1""}","{""1""}"
1142,"{""1""}","{""4""}"
1143,"{""1""}","{""1"",""4""}"
1144,"{""1""}","{""1"",""4""}"
1145,"{""1""}","{""1"",""4""}"
1146,"{""1""}","{""1"",""2""}"
1147,"{""1"",""2""}","{""2"",""5""}"
1148,{},NULL
1149,"{""2"",""4""}","{""5"",""10""}"
1150,"{""1""}","{""1"",""2"",""4"",""7""}"
1151,"{""3""}","{""1"",""5""}"
1152,"{""2""}","{""1""}"
1153,"{""1""}","{""1""}"
1154,"{""1""}","{""1"",""2""}"
1155,"{""1"",""4"",""5""}","{""4"",""5"",""7""}"
1156,"{""1""}","{""1"",""2""}"
1157,"{""1"",""2""}","{""1"",""2"",""4"",""5""}"
1158,"{""2""}","{""4""}"
1159,"{""4""}","{""5""}"
1160,"{""2""}","{""1""}"
1161,{},{}
1162,"{""2"",""4""}","{""1"",""4""}"
1163,"{""1"",""3""}","{""1"",""4""}"
1164,"{""1"",""3""}","{""1"",""2"",""4""}"
1165,"{""2""}","{""4"",""9"",""10""}"
1166,"{""3"",""5""}","{""1"",""4"",""5"",""7"",""9""}"
1167,"{""1"",""4""}","{""1"",""3""}"
1168,"{""1""}","{""1"",""4""}"
1169,"{""1"",""2""}","{""3"",""4"",""7""}"
1170,"{""1"",""4""}","{""1"",""4"",""7"",""9""}"
1171,"{""1""}","{""1"",""4""}"
1172,"{""2"",""5""}","{""3"",""7"",""9""}"
1173,"{""1""}","{""1"",""3"",""4""}"
1174,"{""1""}","{""1""}"
1175,"{""1"",""4""}","{""1"",""2"",""4"",""7""}"
1176,"{""2""}","{""1"",""3"",""4"",""9""}"
1177,"{""1"",""3""}","{""1"",""2""}"
1178,"{""1""}","{""1"",""4""}"
1179,"{""1""}","{""4"",""1""}"
1180,"{""4""}","{""2""}"
1181,"{""1""}","{""1"",""2"",""4""}"
1182,"{""1""}","{""1""}"
1183,"{""1"",""2"",""5""}","{""2""}"
1184,"{""1""}","{""1"",""4""}"
1185,"{""1"",""2"",""5""}","{""1"",""5"",""7"",""9""}"
1186,"{""1"",""2""}","{""1"",""5"",""9""}"
1187,"{""1""}","{""1"",""7""}"
1188,"{""1""}","{""1"",""2""}"
1189,"{""1"",""2""}","{""2"",""10""}"
1190,"{""1"",""3""}","{""1""}"
1191,"{""2"",""4"",""5""}","{""1"",""4"",""9""}"
1192,"{""1"",""5""}","{""1"",""2"",""7"",""9""}"
1193,"{""1""}","{""1"",""3""}"
1194,"{""2""}","{""1"",""2"",""3"",""4""}"
1195,"{""2""}","{""2""}"
1196,"{""1"",""5""}","{""4"",""5"",""7""}"
1197,"{""1""}","{""1""}"
1198,"{""1""}","{""1"",""3"",""9""}"
1199,"{""1"",""4""}","{""3""}"
1200,"{""1""}","{""1"",""3"",""4"",""9""}"
1201,"{""1"",""2"",""4"",""5""}","{""2"",""4"",""5"",""9"",""10""}"
1202,"{""1""}","{""1"",""4"",""7"",""9""}"
1203,"{""2"",""4"",""5""}","{""2"",""7"",""9""}"
1204,"{""2""}","{""3""}"
1205,"{""1""}","{""1""}"
1206,"{""1"",""4""}","{""1""}"
1207,"{""1"",""4"",""5""}","{""1"",""7"",""9"",""10""}"
1208,"{""2""}","{""4""}"
1209,"{""1""}","{""2""}"
1210,"{""1"",""2"",""5""}","{""2""}"
1211,"{""1"",""4"",""5""}","{""1"",""9"",""10""}"
1212,"{""1""}","{""7""}"
1213,"{""1"",""4""}","{""1"",""4"",""7"",""9""}"
1214,"{""1""}","{""1"",""4"",""9""}"
1215,"{""2"",""5""}","{""2"",""7""}"
1216,"{""2"",""5""}","{""4"",""9""}"
1217,"{""2"",""5""}","{""2"",""4"",""9""}"
1218,"{""1""}","{""1"",""4""}"
1219,{},{}
1220,"{""1"",""2""}","{""2""}"
1221,"{""1"",""4""}","{""2"",""7""}"
1222,"{""1"",""4""}","{""1"",""3"",""4""}"
1223,"{""1""}","{""1""}"
1224,"{""1""}","{""1"",""3""}"
1225,"{""1""}","{""1"",""4""}"
1226,"{""1"",""3"",""4"",""5""}","{""1"",""7"",""9"",""10""}"
1227,"{""1""}","{""1"",""5""}"
1228,"{""1""}","{""1""}"
1229,"{""1"",""5""}","{""1"",""3"",""4"",""9""}"
1230,"{""1""}","{""1"",""7""}"
1231,"{""1"",""4""}","{""1"",""4"",""7"",""10""}"
1232,"{""1""}","{""1""}"
1233,"{""2"",""4""}","{""2"",""4""}"
1234,"{""1"",""3""}","{""5""}"
1235,"{""1"",""3""}","{""1"",""2"",""3"",""4"",""10""}"
1236,"{""1"",""2""}","{""2"",""7""}"
1237,"{""1""}","{""1"",""4""}"
1238,"{""1"",""3""}","{""1"",""3"",""7""}"
1239,"{""1""}","{""1""}"
1240,"{""3""}","{""1""}"
1241,"{""1""}","{""1"",""3""}"
1242,"{""2""}","{""1"",""4""}"
1243,"{""2""}","{""2""}"
1244,"{""1"",""2"",""5""}","{""1"",""4"",""7"",""9""}"
1245,"{""1""}","{""1""}"
1246,"{""1""}","{""1""}"
1247,"{""1""}","{""1""}"
1248,"{""2"",""4""}","{""4"",""5""}"
1249,"{""2"",""5""}","{""4"",""9""}"
1250,"{""1""}","{""1""}"
1251,"{""1"",""3""}","{""1"",""7""}"
1252,{},{}
1253,"{""2"",""5""}","{""1"",""4"",""9""}"
1254,"{""1"",""3""}","{""1"",""4"",""7""}"
1255,"{""1""}","{""1"",""4""}"
1256,"{""1"",""2""}","{""1"",""2""}"
1257,"{""1""}","{""4""}"
1258,"{""1""}","{""1"",""2"",""4"",""5""}"
1259,"{""2""}","{""4""}"
1260,"{""1""}","{""3""}"
1261,"{""1""}","{""1"",""7""}"
1262,"{""2""}","{""2""}"
1263,"{""1""}","{""1""}"
1264,"{""2""}","{""2"",""5""}"
1265,"{""3""}","{""1"",""4""}"
1266,"{""2""}","{""1"",""3""}"
1267,"{""1""}","{""1"",""9""}"
1268,"{""3""}","{""1""}"
1269,"{""1""}","{""1"",""4""}"
1270,"{""1""}","{""1"",""2"",""4"",""10""}"
1271,"{""1""}","{""4""}"
1272,{},{}
1273,"{""2""}","{""4""}"
1274,"{""2"",""4""}","{""4""}"
1275,"{""1""}","{""1"",""2""}"
1276,"{""1""}","{""1"",""2"",""7"",""9"",""10""}"
1277,"{""1""}","{""1"",""3""}"
1278,"{""2""}","{""4""}"
1279,"{""1""}","{""1""}"
1280,"{""1""}","{""1"",""4"",""5""}"
1281,"{""2"",""4"",""5""}","{""2"",""7"",""9""}"
1282,"{""1""}","{""1""}"
1283,"{""1""}","{""1"",""4""}"
1284,"{""1""}","{""1""}"
1285,"{""1""}","{""1""}"
1286,"{""1""}","{""1""}"
1287,"{""1""}","{""1"",""7""}"
1288,"{""3"",""4""}","{""2"",""10""}"
1289,"{""1""}","{""1"",""10""}"
1290,"{""2"",""4""}","{""5""}"
1291,"{""2""}","{""3"",""7""}"
1292,"{""4""}","{""10""}"
1293,"{""1""}","{""1"",""3""}"
1294,"{""1"",""4""}","{""7"",""9""}"
1295,"{""1""}","{""1"",""7"",""10""}"
1296,"{""2""}","{""1""}"
1297,"{""2""}","{""4""}"
1298,"{""1"",""2""}","{""1"",""4""}"
1299,"{""1""}","{""1"",""3""}"
1300,"{""1""}","{""1"",""2"",""3"",""4"",""5""}"
1301,"{""1""}","{""4""}"
1302,"{""1""}","{""1"",""3""}"
1303,"{""1""}","{""1""}"
1304,"{""1""}","{""1"",""2"",""7""}"
1305,"{""1"",""2""}","{""3"",""4""}"
1306,"{""1""}","{""1"",""7""}"
1307,"{""1"",""2""}","{""2""}"
1308,"{""3"",""5""}","{""4"",""5""}"
1309,"{""1""}","{""1""}"
1310,"{""1""}","{""1"",""4""}"
1311,"{""1"",""3""}","{""1"",""2"",""4"",""5"",""9""}"
1312,"{""1""}","{""1"",""4""}"
1313,"{""1""}","{""1"",""4""}"
1314,"{""3"",""4"",""5""}","{""2"",""9""}"
1315,"{""3"",""4""}","{""4"",""5""}"
1316,"{""1"",""2""}","{""3""}"
1317,"{""1""}","{""1"",""4""}"
1318,"{""1"",""2""}","{""4"",""5"",""7""}"
1319,"{""1"",""4""}","{""1"",""2"",""7"",""9""}"
1320,"{""1""}","{""1""}"
1321,"{""1"",""4""}","{""1"",""7""}"
1322,{},{}
1323,"{""1""}","{""1"",""2"",""4""}"
1324,"{""1""}","{""1"",""3""}"
1325,"{""1""}","{""1""}"
1326,"{""2"",""4""}","{""5""}"
1327,"{""1""}",NULL
1328,"{""1"",""4""}","{""1"",""4"",""9""}"
1329,"{""1""}","{""1""}"
1330,"{""1""}","{""1""}"
1331,"{""1""}","{""1"",""4""}"
1332,"{""2""}","{""2""}"
1333,"{""2""}","{""3""}"
1334,"{""2""}","{""1"",""2"",""7""}"
1335,"{""2""}","{""2""}"
1336,"{""1""}","{""1""}"
1337,"{""1"",""4""}","{""1"",""4"",""7""}"
1338,"{""1""}","{""2""}"
1339,"{""1"",""3"",""4""}","{""2"",""4"",""7""}"
1340,"{""1""}","{""1"",""2""}"
1341,"{""1""}","{""1""}"
1342,"{""1""}","{""1"",""4""}"
1343,"{""1"",""4""}","{""1"",""4"",""7""}"
1344,"{""1""}","{""1"",""3""}"
1345,"{""1"",""3""}","{""1"",""10""}"
1346,"{""1""}","{""7"",""10""}"
1347,"{""1"",""5""}","{""1"",""4"",""9""}"
1348,"{""1""}","{""1""}"
1349,"{""1"",""2"",""3""}","{""1"",""4"",""5"",""7""}"
1350,"{""2""}","{""1"",""2""}"
1351,"{""1"",""2"",""4""}","{""2"",""7""}"
1352,"{""1""}","{""1"",""3"",""4""}"
1353,"{""1""}","{""1"",""4"",""5"",""7""}"
1354,"{""1""}","{""1"",""2"",""4"",""5"",""7""}"
1355,"{""1""}","{""3"",""4""}"
1356,"{""1""}","{""1""}"
1357,"{""1"",""2""}","{""2""}"
1358,"{""1""}","{""1"",""4"",""7""}"
1359,"{""1""}","{""1""}"
1360,"{""1""}","{""1"",""2"",""4""}"
1361,"{""4""}","{""5""}"
1362,"{""2"",""4"",""5""}","{""4"",""7"",""9""}"
1363,"{""1"",""5""}","{""1"",""5"",""9""}"
1364,"{""1""}","{""1"",""4""}"
1365,"{""1""}","{""1"",""4""}"
1366,"{""3""}","{""1""}"
1367,"{""1""}","{""1""}"
1368,"{""1""}","{""1"",""3""}"
1369,"{""4""}","{""2""}"
1370,"{""1"",""2""}","{""1"",""4"",""9""}"
1371,"{""1"",""4""}","{""1"",""2""}"
1372,"{""1""}","{""1""}"
1373,"{""1""}","{""1""}"
1374,"{""2"",""4""}","{""4"",""5"",""7""}"
1375,"{""2""}","{""4""}"
1376,"{""1""}","{""1"",""2""}"
1377,"{""1""}","{""2""}"
1378,"{""2"",""4""}","{""2""}"
1379,"{""1""}","{""1"",""3""}"
1380,"{""4""}","{""3""}"
1381,"{""1""}","{""1""}"
1382,"{""1""}","{""2"",""9""}"
1383,"{""1""}","{""3""}"
1384,"{""1""}","{""1"",""2"",""4"",""7""}"
1385,"{""1"",""2"",""4""}","{""5""}"
1386,"{""1""}","{""1""}"
1387,"{""1"",""4"",""5""}","{""2"",""4"",""7""}"
1388,"{""1"",""3""}","{""1"",""7""}"
1389,"{""1""}","{""1""}"
1390,"{""4""}","{""2""}"
1391,"{""1"",""3""}","{""1"",""5""}"
1392,"{""1""}","{""1"",""4""}"
1393,"{""1"",""2""}","{""5""}"
1394,"{""3""}","{""1"",""2""}"
1395,"{""1""}","{""1"",""3"",""4"",""7""}"
1396,"{""1"",""4""}","{""2""}"
1397,"{""1""}","{""1"",""4""}"
1398,"{""1""}","{""1"",""2"",""4""}"
1399,"{""4""}","{""2"",""7"",""10""}"
1400,"{""3""}","{""1"",""4""}"
1401,"{""1""}","{""1""}"
1402,"{""1""}","{""1""}"
1403,"{""2""}","{""2""}"
1404,"{""2"",""4""}","{""4""}"
1405,"{""4""}","{""2"",""7""}"
1406,"{""2""}","{""4""}"
1407,"{""1""}","{""1""}"
1408,"{""1""}","{""1""}"
1409,"{""2"",""4""}","{""2"",""5""}"
1410,"{""1""}","{""1"",""2"",""3"",""4""}"
1411,"{""1""}","{""1"",""2"",""4""}"
1412,"{""1"",""3""}","{""1""}"
1413,"{""1""}","{""1""}"
1414,"{""4""}","{""2"",""7""}"
1415,"{""1""}","{""1""}"
1416,"{""2"",""3""}","{""5""}"
1417,"{""1""}","{""4""}"
1418,"{""1""}","{""1"",""4""}"
1419,"{""1"",""2"",""4""}","{""1"",""2"",""7""}"
1420,"{""3""}",NULL
1421,"{""1"",""2""}","{""1"",""4""}"
1422,"{""1""}","{""1"",""4""}"
1423,"{""1""}","{""1"",""2"",""4"",""5""}"
1424,"{""1"",""2""}","{""1"",""4""}"
1425,"{""1""}","{""1"",""10""}"
1426,"{""2"",""3""}","{""1"",""2""}"
1427,"{""4""}","{""4"",""5""}"
1428,"{""1""}","{""1"",""3""}"
1429,"{""2"",""5""}","{""4"",""9""}"
1430,"{""3"",""4""}","{""2""}"
1431,"{""1""}","{""2"",""3"",""4""}"
1432,"{""1"",""2""}","{""3""}"
1433,"{""1"",""3"",""5""}","{""1"",""4"",""7"",""10""}"
1434,"{""4""}","{""4"",""5""}"
1435,"{""1""}",NULL
1436,"{""1"",""2"",""3""}","{""1""}"
1437,"{""1""}","{""1"",""10""}"
1438,"{""2""}","{""2""}"
1439,"{""1"",""2"",""3"",""4"",""5""}","{""1"",""9""}"
1440,"{""1"",""2"",""4""}","{""2""}"
1441,"{""1"",""3""}","{""1"",""2"",""4"",""7"",""10""}"
1442,"{""2"",""4""}","{""2"",""4""}"
1443,"{""1""}","{""1""}"
1444,"{""1""}","{""1"",""2""}"
1445,"{""1"",""4""}","{""1"",""4""}"
1446,"{""1""}","{""7"",""9""}"
1447,"{""1""}","{""1"",""9""}"
1448,"{""1""}","{""1"",""4""}"
1449,"{""2"",""3""}","{""1"",""5"",""7""}"
1450,"{""1"",""2"",""4"",""5""}","{""4"",""7"",""9"",""10""}"
1451,"{""1""}","{""1"",""2"",""4""}"
1452,"{""1""}","{""1"",""4""}"
1453,"{""1"",""4""}","{""1"",""2"",""4"",""7""}"
1454,"{""3""}","{""1""}"
1455,"{""3"",""4"",""5""}","{""5"",""9""}"
1456,"{""4""}","{""1"",""7"",""9""}"
1457,"{""1""}","{""1"",""2""}"
1458,"{""3""}","{""4""}"
1459,"{""4""}","{""2""}"
1460,"{""1""}","{""1"",""2"",""7""}"
1461,"{""1""}","{""1""}"
1462,"{""1""}","{""1"",""2"",""3""}"
1463,"{""1"",""3""}","{""1"",""2""}"
1464,"{""1""}","{""4"",""7"",""9""}"
1465,"{""1""}","{""7""}"
1466,"{""3""}","{""7"",""9""}"
1467,"{""1"",""2"",""5""}","{""4"",""9""}"
1468,"{""3""}","{""1"",""2"",""7""}"
1469,"{""1"",""3"",""5""}","{""4"",""5"",""9""}"
1470,"{""1"",""2""}","{""1"",""4"",""9""}"
1471,"{""1""}","{""1"",""3""}"
1472,"{""1"",""3"",""4"",""5""}","{""1"",""4"",""5"",""7"",""9""}"
1473,"{""1""}","{""7""}"
1474,"{""2"",""4"",""5""}","{""3"",""9"",""10""}"
1475,"{""2"",""3"",""4""}",NULL
1476,"{""1""}","{""1""}"
1477,"{""1""}","{""1""}"
1478,"{""1"",""2""}","{""1"",""2"",""4""}"
1479,"{""1"",""3""}","{""1"",""4"",""5""}"
1480,"{""1""}","{""1"",""7""}"
1481,"{""2"",""3"",""4"",""5""}","{""2"",""7""}"
1482,"{""2""}","{""1"",""5""}"
1483,"{""1"",""2""}","{""1"",""2""}"
1484,"{""2"",""4"",""5""}","{""4"",""7"",""9""}"
1485,"{""1"",""2"",""3""}","{""1"",""2"",""5""}"
1486,"{""1"",""3""}","{""1"",""2"",""4""}"
1487,"{""2"",""5""}","{""4""}"
1488,"{""1""}","{""3""}"
1489,"{""1"",""3"",""4""}","{""1"",""2"",""7"",""9""}"
1490,"{""1"",""2""}","{""1"",""2"",""4"",""7""}"
1491,"{""2"",""4""}","{""2"",""9""}"
1492,"{""1""}","{""1"",""10""}"
1493,"{""1""}","{""1"",""4""}"
1494,"{""1""}","{""1"",""4"",""10""}"
1495,"{""1""}","{""1"",""10""}"
1496,"{""1"",""4""}","{""2"",""3""}"
1497,"{""3""}","{""2"",""5"",""10""}"
1498,"{""2"",""4""}","{""1"",""9""}"
1499,"{""1"",""2"",""3"",""4"",""5""}","{""1"",""2"",""3"",""4"",""5"",""7"",""9""}"
1500,"{""1""}","{""1"",""2""}"
1501,"{""1"",""4"",""5""}","{""1"",""3"",""9""}"
1502,"{""1"",""4""}","{""4"",""9""}"
1503,"{""1""}","{""1""}"
1504,"{""1"",""3""}","{""2""}"
1505,"{""4""}","{""7""}"
1506,"{""2""}","{""1""}"
1507,"{""1"",""4""}","{""2"",""7""}"
1508,"{""1"",""4""}","{""1""}"
1509,"{""1""}","{""1""}"
1510,"{""1""}","{""1"",""9""}"
1511,"{""3"",""4""}","{""7""}"
1512,"{""1"",""2""}","{""1"",""3""}"
1513,"{""1""}","{""1""}"
1514,"{""1"",""3""}","{""1"",""7""}"
1515,"{""1"",""2"",""4"",""5""}","{""1"",""4"",""5"",""7""}"
1516,"{""1"",""2""}","{""1"",""3"",""7""}"
1517,"{""3"",""4"",""5""}","{""4"",""5""}"
1518,"{""1"",""5""}","{""1"",""7"",""9""}"
1519,"{""4""}","{""4"",""7"",""9""}"
1520,"{""1"",""2"",""5""}","{""4"",""5"",""9""}"
1521,"{""1"",""2""}","{""5"",""7"",""9""}"
1522,"{""5""}","{""5"",""9""}"
1523,"{""4"",""5""}","{""5"",""10""}"
1524,"{""3""}","{""4"",""5"",""9""}"
1525,"{""2"",""5""}","{""2"",""5""}"
1526,"{""2"",""4"",""5""}","{""2"",""5"",""9""}"
1527,"{""1""}","{""1""}"
1528,"{""1"",""4""}","{""2"",""7""}"
1529,"{""1"",""2"",""3""}","{""2"",""10""}"
1530,"{""1""}","{""1"",""3"",""4"",""9""}"
1531,"{""2"",""5""}","{""2"",""4"",""9""}"
1532,"{""1""}","{""1"",""4""}"
1533,"{""1"",""2""}","{""5"",""10""}"
1534,"{""1"",""4"",""5""}","{""2"",""5"",""7"",""9"",""10""}"
1535,"{""1"",""5""}","{""4"",""7"",""9""}"
1536,"{""2"",""3""}","{""2""}"
1537,"{""1""}","{""2"",""10""}"
1538,"{""2"",""4""}","{""5""}"
1539,"{""2"",""5""}","{""4"",""5"",""9""}"
1540,"{""2"",""3"",""4""}","{""5"",""10""}"
1541,"{""1"",""3""}","{""7""}"
1542,"{""1"",""4""}","{""1"",""4"",""10""}"
1543,"{""1"",""3""}","{""2"",""7""}"
1544,"{""1""}","{""1""}"
1545,"{""1"",""3""}","{""1""}"
1546,"{""2""}","{""1""}"
1547,"{""2"",""4"",""5""}","{""2"",""4"",""5"",""9""}"
1548,"{""1""}","{""1""}"
1549,"{""1"",""4""}","{""1"",""4""}"
1550,"{""1"",""2""}","{""2""}"
1551,"{""1"",""5""}","{""3"",""9""}"
1552,"{""1""}","{""1"",""9""}"
1553,"{""2"",""3""}","{""3"",""5"",""7""}"
1554,"{""1""}","{""1"",""4""}"
1555,"{""1"",""2"",""5""}","{""2"",""5"",""9""}"
1556,"{""1"",""2""}","{""2""}"
1557,"{""1"",""3""}","{""1"",""4""}"
1558,"{""1"",""3"",""4""}","{""3"",""4"",""7"",""10""}"
1559,"{""1"",""3""}","{""5"",""7"",""9""}"
1560,"{""3"",""4"",""5""}","{""2"",""7"",""10""}"
1561,"{""1"",""5""}","{""1"",""4"",""9""}"
1562,"{""1"",""3"",""4""}","{""7""}"
1563,"{""1"",""4""}","{""1""}"
1564,"{""3""}","{""1"",""10""}"
1565,"{""2"",""4""}","{""2"",""4"",""7"",""9""}"
1566,"{""3"",""4""}","{""2"",""10""}"
1567,"{""2"",""4""}","{""5"",""10""}"
