scopus_id,doi,resmat,prereg,journal,cyear
df3d3e6746618bd8c190ce29f4a58d977a015a1e3fa00e7e49abfc,ANON,0,0,Journal of Business Finance & Accounting,2022
df3d3e6746618bd8c190ce29f4a58d977a015a1e3fa00e7e49abfc,ANON,0,0,Contemporary Accounting Research,2017
df3d3e6746618bd8c190ce29f4a58d977a015a1e3fa00e7e49abfc,ANON,0,0,Journal of Financial Economics,2016
36b880def5ae37c0970be90b78bc96e87f015e1a3ea50b7b47a8,ANON,1,0,Management Science,2022
36b880def5ae37c0970be90b78bc96e87f015e1a3ea50b7b47a8,ANON,0,0,Contemporary Accounting Research,2022
36b880def5ae37c0970be90b78bc96e87f015e1a3ea50b7b47a8,ANON,0,0,"Journal of Accounting, Auditing & Finance",2023
36b880def5ae37c0970be90b78bc96e87f015e1a3ea50b7b47a8,ANON,0,0,Review of Accounting Studies,2023
36b880def5ae37c0970be90b78bc96e87f015e1a3ea50b7b47a8,ANON,0,0,"Journal of Accounting, Auditing & Finance",2020
36b880def5ae37c0970be90b78bc96e87f015e1a3ea50b7b47a8,ANON,0,0,"Accounting, Organizations and Society",2021
36b880def5ae37c0970be90b78bc96e87f015e1a3ea50b7b47a8,ANON,0,0,The Journal of the American Taxation Association,2020
36b880def5ae37c0970be90b78bc96e87f015e1a3ea50b7b47a8,ANON,0,0,Journal of Accounting and Economics,2020
36b880def5ae37c0970be90b78bc96e87f015e1a3ea50b7b47a8,ANON,0,0,Journal of Business Finance & Accounting,2020
36b880def5ae37c0970be90b78bc96e87f015e1a3ea50b7b47a8,ANON,0,0,Contemporary Accounting Research,2019
36b880def5ae37c0970be90b78bc96e87f015e1a3ea50b7b47a8,ANON,0,0,Journal of Accounting and Public Policy,2020
36b880def5ae37c0970be90b78bc96e87f015e1a3ea50b7b47a8,ANON,0,0,Management Science,2019
36b880def5ae37c0970be90b78bc96e87f015e1a3ea50b7b47a8,ANON,0,0,Accounting Horizons,2019
36b880def5ae37c0970be90b78bc96e87f015e1a3ea50b7b47a8,ANON,0,0,The Accounting Review,2019
36b880def5ae37c0970be90b78bc96e87f015e1a3ea50b7b47a8,ANON,0,0,Auditing: A Journal of Practice & Theory,2019
36b880def5ae37c0970be90b78bc96e87f015e1a3ea50b7b47a8,ANON,0,0,"Journal of Accounting, Auditing & Finance",2017
36b880def5ae37c0970be90b78bc96e87f015e1a3ea50b7b47a8,ANON,0,0,Auditing: A Journal of Practice & Theory,2018
36b880def5ae37c0970be90b78bc96e87f015e1a3ea50b7b47a8,ANON,0,0,Contemporary Accounting Research,2018
36b880def5ae37c0970be90b78bc96e87f015e1a3ea50b7b47a8,ANON,0,0,Journal of International Accounting Research,2018
36b880def5ae37c0970be90b78bc96e87f015e1a3ea50b7b47a8,ANON,0,0,Contemporary Accounting Research,2018
36b880def5ae37c0970be90b78bc96e87f015e1a3ea50b7b47a8,ANON,0,0,Journal of Accounting and Public Policy,2018
36b880def5ae37c0970be90b78bc96e87f015e1a3ea50b7b47a8,ANON,0,0,Journal of Business Ethics,2016
36b880def5ae37c0970be90b78bc96e87f015e1a3ea50b7b47a8,ANON,0,0,Contemporary Accounting Research,2017
36b880def5ae37c0970be90b78bc96e87f015e1a3ea50b7b47a8,ANON,0,0,Journal of Business Finance & Accounting,2017
36b880def5ae37c0970be90b78bc96e87f015e1a3ea50b7b47a8,ANON,0,0,Journal of Business Finance & Accounting,2017
36b880def5ae37c0970be90b78bc96e87f015e1a3ea50b7b47a8,ANON,0,0,Review of Accounting Studies,2016
36b880def5ae37c0970be90b78bc96e87f015e1a3ea50b7b47a8,ANON,0,0,Contemporary Accounting Research,2015
36b880def5ae37c0970be90b78bc96e87f015e1a3ea50b7b47a8,ANON,0,0,The Accounting Review,2016
36b880def5ae37c0970be90b78bc96e87f015e1a3ea50b7b47a8,ANON,0,0,The Journal of the American Taxation Association,2016
5eec0b3c8d9ddca8a0c1b151bfe0541a7c035f153ea1097a47aff4,ANON,1,0,Journal of Accounting Research,2021
5eec0b3c8d9ddca8a0c1b151bfe0541a7c035f153ea1097a47aff4,ANON,0,0,The Accounting Review,2020
5eec0b3c8d9ddca8a0c1b151bfe0541a7c035f153ea1097a47aff4,ANON,0,0,Contemporary Accounting Research,2019
5eec0b3c8d9ddca8a0c1b151bfe0541a7c035f153ea1097a47aff4,ANON,0,0,The Accounting Review,2019
5eec0b3c8d9ddca8a0c1b151bfe0541a7c035f153ea1097a47aff4,ANON,0,0,Journal of Accounting and Economics,2016
b802cefe543548effc7905152a10833d7c03571a35a50f7d4cabfc,ANON,1,0,Journal of Accounting Research,2023
b802cefe543548effc7905152a10833d7c03571a35a50f7d4cabfc,ANON,0,0,Journal of Management Accounting Research,2022
b802cefe543548effc7905152a10833d7c03571a35a50f7d4cabfc,ANON,0,0,The Accounting Review,2022
b802cefe543548effc7905152a10833d7c03571a35a50f7d4cabfc,ANON,0,0,Journal of Management Accounting Research,2022
b802cefe543548effc7905152a10833d7c03571a35a50f7d4cabfc,ANON,0,0,The Accounting Review,2020
b802cefe543548effc7905152a10833d7c03571a35a50f7d4cabfc,ANON,0,0,The Accounting Review,2020
b802cefe543548effc7905152a10833d7c03571a35a50f7d4cabfc,ANON,0,0,The Accounting Review,2017
c8e2994c53d855962878440c2812a2077c035f153da50f7046a3fc,ANON,0,0,Auditing: A Journal of Practice & Theory,2022
c8e2994c53d855962878440c2812a2077c035f153da50f7046a3fc,ANON,0,0,Auditing: A Journal of Practice & Theory,2022
c8e2994c53d855962878440c2812a2077c035f153da50f7046a3fc,ANON,0,0,Contemporary Accounting Research,2021
c8e2994c53d855962878440c2812a2077c035f153da50f7046a3fc,ANON,0,0,Auditing: A Journal of Practice & Theory,2021
c8e2994c53d855962878440c2812a2077c035f153da50f7046a3fc,ANON,0,0,The Accounting Review,2020
c8e2994c53d855962878440c2812a2077c035f153da50f7046a3fc,ANON,0,0,"Accounting, Organizations and Society",2021
c8e2994c53d855962878440c2812a2077c035f153da50f7046a3fc,ANON,0,0,Contemporary Accounting Research,2020
c8e2994c53d855962878440c2812a2077c035f153da50f7046a3fc,ANON,0,0,Contemporary Accounting Research,2020
c8e2994c53d855962878440c2812a2077c035f153da50f7046a3fc,ANON,0,0,Accounting Horizons,2019
c8e2994c53d855962878440c2812a2077c035f153da50f7046a3fc,ANON,0,0,Auditing: A Journal of Practice & Theory,2019
c8e2994c53d855962878440c2812a2077c035f153da50f7046a3fc,ANON,0,0,Finance Research Letters,2017
c8e2994c53d855962878440c2812a2077c035f153da50f7046a3fc,ANON,0,0,Organization Management Journal,2017
c8e2994c53d855962878440c2812a2077c035f153da50f7046a3fc,ANON,0,0,The Accounting Review,2015
95c26b2f9e6c9c54fdb7c01495d077f87c035f1434a80f7e4ea9fd,ANON,0,0,The Accounting Review,2015
95c26b2f9e6c9c54fdb7c01495d077f87c035f1434a80f7e4ea9fd,ANON,0,0,Review of Accounting Studies,2020
95c26b2f9e6c9c54fdb7c01495d077f87c035f1434a80f7e4ea9fd,ANON,0,0,"Accounting, Organizations and Society",2020
95c26b2f9e6c9c54fdb7c01495d077f87c035f1434a80f7e4ea9fd,ANON,0,0,Journal of Accounting and Economics,2022
95c26b2f9e6c9c54fdb7c01495d077f87c035f1434a80f7e4ea9fd,ANON,0,0,The Accounting Review,2022
95c26b2f9e6c9c54fdb7c01495d077f87c035f1434a80f7e4ea9fd,ANON,0,0,Contemporary Accounting Research,2023
e6ef3b7c8a33736eeb5be3d23760a3017c035c1c38a8067b48acf4,ANON,1,0,Journal of Accounting Research,2018
e6ef3b7c8a33736eeb5be3d23760a3017c035c1c38a8067b48acf4,ANON,0,0,Journal of Accounting and Economics,2020
2116c8c9f612a1d0b4ab287cfd04ac897f035e1d3aa20e784bae,ANON,0,0,The Review of Financial Studies,2016
2116c8c9f612a1d0b4ab287cfd04ac897f035e1d3aa20e784bae,ANON,0,0,The Journal of Finance,2016
2116c8c9f612a1d0b4ab287cfd04ac897f035e1d3aa20e784bae,ANON,0,0,Journal of Financial Economics,2017
2116c8c9f612a1d0b4ab287cfd04ac897f035e1d3aa20e784bae,ANON,0,0,Journal of Accounting and Economics,2017
2116c8c9f612a1d0b4ab287cfd04ac897f035e1d3aa20e784bae,ANON,0,0,Management Science,2017
2116c8c9f612a1d0b4ab287cfd04ac897f035e1d3aa20e784bae,ANON,0,0,The Review of Financial Studies,2018
2116c8c9f612a1d0b4ab287cfd04ac897f035e1d3aa20e784bae,ANON,1,0,The Journal of Finance,2019
2116c8c9f612a1d0b4ab287cfd04ac897f035e1d3aa20e784bae,ANON,0,0,Review of Finance,2019
2116c8c9f612a1d0b4ab287cfd04ac897f035e1d3aa20e784bae,ANON,0,0,Journal of Financial Economics,2019
2116c8c9f612a1d0b4ab287cfd04ac897f035e1d3aa20e784bae,ANON,1,0,The Journal of Finance,2020
2116c8c9f612a1d0b4ab287cfd04ac897f035e1d3aa20e784bae,ANON,0,0,The Review of Corporate Finance Studies,2020
2116c8c9f612a1d0b4ab287cfd04ac897f035e1d3aa20e784bae,ANON,0,0,Journal of Financial and Quantitative Analysis,2021
2116c8c9f612a1d0b4ab287cfd04ac897f035e1d3aa20e784bae,ANON,0,0,Review of Finance,2022
2116c8c9f612a1d0b4ab287cfd04ac897f035e1d3aa20e784bae,ANON,0,0,Journal of Monetary Economics,2023
781a8f55431238d12825da915d2e85dd7c035f153aa0077b48adf4,ANON,0,0,Contemporary Accounting Research,2017
57889911247a440bd583428466e9cec97c02561539a4097d4cabfc,ANON,0,0,"Journal of Accounting, Auditing & Finance",2015
57889911247a440bd583428466e9cec97c02561539a4097d4cabfc,ANON,0,0,Advances in Accounting,2017
57889911247a440bd583428466e9cec97c02561539a4097d4cabfc,ANON,0,0,The Accounting Review,2017
57889911247a440bd583428466e9cec97c02561539a4097d4cabfc,ANON,0,0,Accounting Horizons,2020
57889911247a440bd583428466e9cec97c02561539a4097d4cabfc,ANON,0,0,Journal of Management Studies,2019
57889911247a440bd583428466e9cec97c02561539a4097d4cabfc,ANON,0,0,Accounting Horizons,2020
57889911247a440bd583428466e9cec97c02561539a4097d4cabfc,ANON,0,0,"Journal of Accounting, Auditing & Finance",2020
57889911247a440bd583428466e9cec97c02561539a4097d4cabfc,ANON,0,0,Contemporary Accounting Research,2022
57889911247a440bd583428466e9cec97c02561539a4097d4cabfc,ANON,0,0,Journal of Business Ethics,2023
57889911247a440bd583428466e9cec97c02561539a4097d4cabfc,ANON,0,0,Contemporary Accounting Research,2023
ef25856ea2b18a8540497f88fd769eae7a025f1f34a6067f4dabfc,ANON,0,0,"Journal of Law, Finance, and Accounting",2016
ef25856ea2b18a8540497f88fd769eae7a025f1f34a6067f4dabfc,ANON,1,0,Journal of Accounting Research,2016
ef25856ea2b18a8540497f88fd769eae7a025f1f34a6067f4dabfc,ANON,0,0,Management Science,2016
ef25856ea2b18a8540497f88fd769eae7a025f1f34a6067f4dabfc,ANON,0,0,Auditing: A Journal of Practice & Theory,2016
ef25856ea2b18a8540497f88fd769eae7a025f1f34a6067f4dabfc,ANON,0,0,Contemporary Accounting Research,2017
ef25856ea2b18a8540497f88fd769eae7a025f1f34a6067f4dabfc,ANON,0,0,Review of Accounting Studies,2018
ef25856ea2b18a8540497f88fd769eae7a025f1f34a6067f4dabfc,ANON,0,0,Journal of Risk and Insurance,2017
ef25856ea2b18a8540497f88fd769eae7a025f1f34a6067f4dabfc,ANON,0,0,Contemporary Accounting Research,2018
ef25856ea2b18a8540497f88fd769eae7a025f1f34a6067f4dabfc,ANON,0,0,Auditing: A Journal of Practice & Theory,2019
ef25856ea2b18a8540497f88fd769eae7a025f1f34a6067f4dabfc,ANON,0,0,"Accounting, Organizations and Society",2020
ef25856ea2b18a8540497f88fd769eae7a025f1f34a6067f4dabfc,ANON,1,0,The Journal of Law and Economics,2021
ef25856ea2b18a8540497f88fd769eae7a025f1f34a6067f4dabfc,ANON,0,0,Review of Accounting Studies,2022
ef25856ea2b18a8540497f88fd769eae7a025f1f34a6067f4dabfc,ANON,0,0,Journal of Accounting and Economics,2021
ef25856ea2b18a8540497f88fd769eae7a025f1f34a6067f4dabfc,ANON,0,0,The Accounting Review,2021
ef25856ea2b18a8540497f88fd769eae7a025f1f34a6067f4dabfc,ANON,0,0,Contemporary Accounting Research,2021
ef25856ea2b18a8540497f88fd769eae7a025f1f34a6067f4dabfc,ANON,0,0,Review of Accounting Studies,2021
ef25856ea2b18a8540497f88fd769eae7a025f1f34a6067f4dabfc,ANON,0,0,Contemporary Accounting Research,2023
ef25856ea2b18a8540497f88fd769eae7a025f1f34a6067f4dabfc,ANON,0,0,Contemporary Accounting Research,2023
ef25856ea2b18a8540497f88fd769eae7a025f1f34a6067f4dabfc,ANON,0,0,Journal of Accounting and Economics,2023
ab8e6a151fa8f03aab6cfe6e3bcddeb37c035c1e3ea906794ca2f4,ANON,0,0,Contemporary Accounting Research,2020
ab8e6a151fa8f03aab6cfe6e3bcddeb37c035c1e3ea906794ca2f4,ANON,0,0,Journal of Management Accounting Research,2021
944dcd372f474edb46756c419749d2807c035f153ca40c7b4ba8f9,ANON,0,0,Auditing: A Journal of Practice & Theory,2020
944dcd372f474edb46756c419749d2807c035f153ca40c7b4ba8f9,ANON,1,0,"Accounting, Organizations and Society",2021
944dcd372f474edb46756c419749d2807c035f153ca40c7b4ba8f9,ANON,0,0,Auditing: A Journal of Practice & Theory,2021
944dcd372f474edb46756c419749d2807c035f153ca40c7b4ba8f9,ANON,0,0,Contemporary Accounting Research,2021
944dcd372f474edb46756c419749d2807c035f153ca40c7b4ba8f9,ANON,0,0,International Journal of Accounting Information Systems,2022
02aecfedf2f533f1106cd24e779e8cd87c035f153da90e794aa3ff,ANON,0,0,Journal of Accounting and Economics,2016
02aecfedf2f533f1106cd24e779e8cd87c035f153da90e794aa3ff,ANON,1,0,Journal of Accounting Research,2018
02aecfedf2f533f1106cd24e779e8cd87c035f153da90e794aa3ff,ANON,1,0,Journal of Accounting Research,2022
51f73816ed6e5e1270679db11e9b060f7d0c591a3da10c704dabfc,ANON,0,0,Journal of Business Ethics,2014
51f73816ed6e5e1270679db11e9b060f7d0c591a3da10c704dabfc,ANON,0,0,Journal of Business Ethics,2014
51f73816ed6e5e1270679db11e9b060f7d0c591a3da10c704dabfc,ANON,0,0,Journal of Business Ethics,2015
51f73816ed6e5e1270679db11e9b060f7d0c591a3da10c704dabfc,ANON,0,0,The Oxford Handbook of IPOs,2018
51f73816ed6e5e1270679db11e9b060f7d0c591a3da10c704dabfc,ANON,0,0,British Journal of Management,2019
51f73816ed6e5e1270679db11e9b060f7d0c591a3da10c704dabfc,ANON,0,0,The European Journal of Finance,2017
51f73816ed6e5e1270679db11e9b060f7d0c591a3da10c704dabfc,ANON,0,0,Accounting and Business Research,2018
51f73816ed6e5e1270679db11e9b060f7d0c591a3da10c704dabfc,ANON,0,0,Journal of Corporate Finance,2018
51f73816ed6e5e1270679db11e9b060f7d0c591a3da10c704dabfc,ANON,0,0,The Accounting Review,2019
51f73816ed6e5e1270679db11e9b060f7d0c591a3da10c704dabfc,ANON,0,0,Journal of Business Ethics,2022
bb0d2c82a8227f29d41fd57aed51a0ee7c035f153ba70d7b47a2f9,ANON,0,0,Contemporary Accounting Research,2017
bb0d2c82a8227f29d41fd57aed51a0ee7c035f153ba70d7b47a2f9,ANON,0,0,The Accounting Review,2017
bb0d2c82a8227f29d41fd57aed51a0ee7c035f153ba70d7b47a2f9,ANON,0,0,Journal of Management Accounting Research,2020
bb0d2c82a8227f29d41fd57aed51a0ee7c035f153ba70d7b47a2f9,ANON,0,0,Journal of Business Ethics,2022
bb0d2c82a8227f29d41fd57aed51a0ee7c035f153ba70d7b47a2f9,ANON,0,0,The Accounting Review,2022
bb0d2c82a8227f29d41fd57aed51a0ee7c035f153ba70d7b47a2f9,ANON,0,0,Journal of Management Accounting Research,2023
9464c734eeeb340dd955b4e9e38e80ca7e005e1e38a4097e4bac,ANON,0,0,Journal of Accounting and Public Policy,2016
9464c734eeeb340dd955b4e9e38e80ca7e005e1e38a4097e4bac,ANON,0,0,Frontiers of Business Research in China,2017
9464c734eeeb340dd955b4e9e38e80ca7e005e1e38a4097e4bac,ANON,0,0,China Journal of Accounting Studies,2019
9464c734eeeb340dd955b4e9e38e80ca7e005e1e38a4097e4bac,ANON,0,0,China Journal of Accounting Studies,2019
9464c734eeeb340dd955b4e9e38e80ca7e005e1e38a4097e4bac,ANON,0,0,China Journal of Accounting Studies,2020
9464c734eeeb340dd955b4e9e38e80ca7e005e1e38a4097e4bac,ANON,0,0,Journal of Corporate Finance,2022
9464c734eeeb340dd955b4e9e38e80ca7e005e1e38a4097e4bac,ANON,1,0,Journal of Accounting Research,2021
7b86dd93d31b93374ae358e7c24e1a967c02581438a5067f4babfc,ANON,0,0,The Journal of the American Taxation Association,2016
7b86dd93d31b93374ae358e7c24e1a967c02581438a5067f4babfc,ANON,0,0,Contemporary Accounting Research,2018
7b86dd93d31b93374ae358e7c24e1a967c02581438a5067f4babfc,ANON,0,0,Contemporary Accounting Research,2019
7b86dd93d31b93374ae358e7c24e1a967c02581438a5067f4babfc,ANON,0,0,Contemporary Accounting Research,2019
7b86dd93d31b93374ae358e7c24e1a967c02581438a5067f4babfc,ANON,0,0,Contemporary Accounting Research,2019
7b86dd93d31b93374ae358e7c24e1a967c02581438a5067f4babfc,ANON,0,0,The Journal of the American Taxation Association,2021
dbc7ff5359e42d26060c9913fb078ee27b07571b3da008784eabfc,ANON,0,0,Journal of Economic Behavior & Organization,2016
dbc7ff5359e42d26060c9913fb078ee27b07571b3da008784eabfc,ANON,0,0,Economics Letters,2017
dbc7ff5359e42d26060c9913fb078ee27b07571b3da008784eabfc,ANON,0,0,Contributions to Management Science,2017
dbc7ff5359e42d26060c9913fb078ee27b07571b3da008784eabfc,ANON,0,0,Contemporary Accounting Research,2017
dbc7ff5359e42d26060c9913fb078ee27b07571b3da008784eabfc,ANON,0,0,Management Accounting Research,2019
dbc7ff5359e42d26060c9913fb078ee27b07571b3da008784eabfc,ANON,0,0,European Accounting Review,2021
dbc7ff5359e42d26060c9913fb078ee27b07571b3da008784eabfc,ANON,0,0,Management Accounting Research,2023
dbc7ff5359e42d26060c9913fb078ee27b07571b3da008784eabfc,ANON,0,0,Tehniƒçki glasnik,2023
dbc7ff5359e42d26060c9913fb078ee27b07571b3da008784eabfc,ANON,0,0,International Journal of Production Economics,2022
0fbe5fcc19d2e798605360e2fc7a12d0780c581f38a80f7f47abfc,ANON,0,0,Contemporary Accounting Research,2017
0fbe5fcc19d2e798605360e2fc7a12d0780c581f38a80f7f47abfc,ANON,0,0,The Accounting Review,2019
aa09d8647349efac21a322e3ed8f3e647a025f1a35a408714fabfc,ANON,0,0,The Journal of the American Taxation Association,2016
aa09d8647349efac21a322e3ed8f3e647a025f1a35a408714fabfc,ANON,0,0,The Journal of the American Taxation Association,2017
aa09d8647349efac21a322e3ed8f3e647a025f1a35a408714fabfc,ANON,0,0,Contemporary Accounting Research,2019
aa09d8647349efac21a322e3ed8f3e647a025f1a35a408714fabfc,ANON,0,0,Contemporary Accounting Research,2019
aa09d8647349efac21a322e3ed8f3e647a025f1a35a408714fabfc,ANON,0,0,Contemporary Accounting Research,2020
aa09d8647349efac21a322e3ed8f3e647a025f1a35a408714fabfc,ANON,1,0,Review of Accounting Studies,2021
aa09d8647349efac21a322e3ed8f3e647a025f1a35a408714fabfc,ANON,0,0,The Accounting Review,2023
aa09d8647349efac21a322e3ed8f3e647a025f1a35a408714fabfc,ANON,0,0,Contemporary Accounting Research,2023
61bb9fd2c65ea2a8d7746e258222d4bc7c035c183ca60a7d4cabfc,ANON,1,0,Review of Accounting Studies,2021
61bb9fd2c65ea2a8d7746e258222d4bc7c035c183ca60a7d4cabfc,ANON,0,0,European Accounting Review,2023
61bb9fd2c65ea2a8d7746e258222d4bc7c035c183ca60a7d4cabfc,ANON,0,0,Journal of Business Finance & Accounting,2022
e371fa034e1eddbd22556a14e207cfd97c025b1a3ea0097f4fabfc,ANON,0,0,The Accounting Review,2015
e371fa034e1eddbd22556a14e207cfd97c025b1a3ea0097f4fabfc,ANON,0,0,Journal of Accounting and Public Policy,2016
e371fa034e1eddbd22556a14e207cfd97c025b1a3ea0097f4fabfc,ANON,0,0,Journal of Accounting and Public Policy,2018
e371fa034e1eddbd22556a14e207cfd97c025b1a3ea0097f4fabfc,ANON,0,0,Accounting Horizons,2020
e371fa034e1eddbd22556a14e207cfd97c025b1a3ea0097f4fabfc,ANON,0,0,Journal of Business Finance & Accounting,2020
e371fa034e1eddbd22556a14e207cfd97c025b1a3ea0097f4fabfc,ANON,0,0,Journal of Business Finance & Accounting,2022
c7be3cc370deadbec96532b5b375ca3d7f025e1f3aa90a7147ac,ANON,0,0,2016 49th Hawaii International Conference on System Sciences (HICSS),2016
c7be3cc370deadbec96532b5b375ca3d7f025e1f3aa90a7147ac,ANON,0,0,2016 49th Hawaii International Conference on System Sciences (HICSS),2016
c7be3cc370deadbec96532b5b375ca3d7f025e1f3aa90a7147ac,ANON,0,0,Computers & Security,2016
c7be3cc370deadbec96532b5b375ca3d7f025e1f3aa90a7147ac,ANON,0,0,Simulation & Gaming,2016
c7be3cc370deadbec96532b5b375ca3d7f025e1f3aa90a7147ac,ANON,0,0,International Journal of Game-Based Learning,2017
c7be3cc370deadbec96532b5b375ca3d7f025e1f3aa90a7147ac,ANON,0,0,Behaviour & Information Technology,2017
c7be3cc370deadbec96532b5b375ca3d7f025e1f3aa90a7147ac,ANON,0,0,Communications of the Association for Information Systems,2018
c7be3cc370deadbec96532b5b375ca3d7f025e1f3aa90a7147ac,ANON,0,0,Journal of the Association for Information Systems,2019
c7be3cc370deadbec96532b5b375ca3d7f025e1f3aa90a7147ac,ANON,0,0,Communications of the Association for Information Systems,2020
c7be3cc370deadbec96532b5b375ca3d7f025e1f3aa90a7147ac,ANON,0,0,The Accounting Review,2020
c7be3cc370deadbec96532b5b375ca3d7f025e1f3aa90a7147ac,ANON,0,0,Journal of Management Information Systems,2021
c7be3cc370deadbec96532b5b375ca3d7f025e1f3aa90a7147ac,ANON,0,0,Technology in Society,2021
c7be3cc370deadbec96532b5b375ca3d7f025e1f3aa90a7147ac,ANON,0,0,"2022 45th Jubilee International Convention on Information, Communication and Electronic Technology (MIPRO)",2022
c7be3cc370deadbec96532b5b375ca3d7f025e1f3aa90a7147ac,ANON,0,0,2023 46th MIPRO ICT and Electronics Convention (MIPRO),2023
c7be3cc370deadbec96532b5b375ca3d7f025e1f3aa90a7147ac,ANON,0,0,2023 46th MIPRO ICT and Electronics Convention (MIPRO),2023
c7be3cc370deadbec96532b5b375ca3d7f025e1f3aa90a7147ac,ANON,0,0,2023 46th MIPRO ICT and Electronics Convention (MIPRO),2023
c84feeb14c72eb18402dbbcc2c219d6a7c01561f3aa5067e4fabfc,ANON,0,0,The Review of Financial Studies,2017
c84feeb14c72eb18402dbbcc2c219d6a7c01561f3aa5067e4fabfc,ANON,0,0,Journal of Financial Economics,2017
c84feeb14c72eb18402dbbcc2c219d6a7c01561f3aa5067e4fabfc,ANON,0,0,The Review of Financial Studies,2018
c84feeb14c72eb18402dbbcc2c219d6a7c01561f3aa5067e4fabfc,ANON,0,0,Journal of Financial and Quantitative Analysis,2019
c84feeb14c72eb18402dbbcc2c219d6a7c01561f3aa5067e4fabfc,ANON,0,0,Journal of Financial Economics,2019
c84feeb14c72eb18402dbbcc2c219d6a7c01561f3aa5067e4fabfc,ANON,0,0,Contemporary Accounting Research,2019
c84feeb14c72eb18402dbbcc2c219d6a7c01561f3aa5067e4fabfc,ANON,0,0,The Review of Financial Studies,2022
c84feeb14c72eb18402dbbcc2c219d6a7c01561f3aa5067e4fabfc,ANON,0,0,Journal of Financial and Quantitative Analysis,2022
c84feeb14c72eb18402dbbcc2c219d6a7c01561f3aa5067e4fabfc,ANON,0,0,The Review of Financial Studies,2022
9401c9169a7c130d79283cf9c71fd7447c025d1e3da707794aabfc,ANON,0,0,Behavioral Research in Accounting,2016
9401c9169a7c130d79283cf9c71fd7447c025d1e3da707794aabfc,ANON,0,0,The Accounting Review,2016
9401c9169a7c130d79283cf9c71fd7447c025d1e3da707794aabfc,ANON,0,0,Current Issues in Auditing,2018
9401c9169a7c130d79283cf9c71fd7447c025d1e3da707794aabfc,ANON,0,0,Accounting Horizons,2019
9401c9169a7c130d79283cf9c71fd7447c025d1e3da707794aabfc,ANON,0,0,Current Issues in Auditing,2018
9401c9169a7c130d79283cf9c71fd7447c025d1e3da707794aabfc,ANON,0,0,Behavioral Research in Accounting,2018
9401c9169a7c130d79283cf9c71fd7447c025d1e3da707794aabfc,ANON,0,0,Contemporary Accounting Research,2018
9401c9169a7c130d79283cf9c71fd7447c025d1e3da707794aabfc,ANON,0,0,Current Issues in Auditing,2019
7cb3e19e7e1a277190b7973deac01a987c035c1d3ba50f7b49a3f8,ANON,0,0,Management Science,2016
7cb3e19e7e1a277190b7973deac01a987c035c1d3ba50f7b49a3f8,ANON,0,0,Journal of Corporate Finance,2020
7cb3e19e7e1a277190b7973deac01a987c035c1d3ba50f7b49a3f8,ANON,0,0,Contemporary Accounting Research,2020
7cb3e19e7e1a277190b7973deac01a987c035c1d3ba50f7b49a3f8,ANON,0,0,Journal of Financial and Quantitative Analysis,2020
7cb3e19e7e1a277190b7973deac01a987c035c1d3ba50f7b49a3f8,ANON,0,0,Journal of Financial and Quantitative Analysis,2022
bf19736adb4efb94a3f8d93cee9fd70a78035f1f3aa1067849abfc,ANON,0,0,Journal of Accounting and Economics,2016
bf19736adb4efb94a3f8d93cee9fd70a78035f1f3aa1067849abfc,ANON,0,0,Journal of Financial Economics,2016
bf19736adb4efb94a3f8d93cee9fd70a78035f1f3aa1067849abfc,ANON,0,0,Journal of Financial and Quantitative Analysis,2017
bf19736adb4efb94a3f8d93cee9fd70a78035f1f3aa1067849abfc,ANON,0,0,Journal of Business Finance & Accounting,2018
bf19736adb4efb94a3f8d93cee9fd70a78035f1f3aa1067849abfc,ANON,1,0,Journal of Political Economy,2021
bf19736adb4efb94a3f8d93cee9fd70a78035f1f3aa1067849abfc,ANON,0,0,Electronic Markets,2021
bf19736adb4efb94a3f8d93cee9fd70a78035f1f3aa1067849abfc,ANON,0,0,Research Policy,2023
bf19736adb4efb94a3f8d93cee9fd70a78035f1f3aa1067849abfc,ANON,1,0,Management Science,2023
29b7c52983adf7f0926ec8f1e5a1903b7e045e193aa10b794da8,ANON,1,0,Journal of Accounting Research,2016
29b7c52983adf7f0926ec8f1e5a1903b7e045e193aa10b794da8,ANON,0,0,Quarterly Journal of Finance,2016
29b7c52983adf7f0926ec8f1e5a1903b7e045e193aa10b794da8,ANON,0,0,The Accounting Review,2019
29b7c52983adf7f0926ec8f1e5a1903b7e045e193aa10b794da8,ANON,0,0,Accounting Horizons,2021
23a5a55c53f7e282a46fbb8d93c197477c035c1d3ca10c714fabfa,ANON,0,0,Journal of Accounting and Economics,2019
23a5a55c53f7e282a46fbb8d93c197477c035c1d3ca10c714fabfa,ANON,0,0,SSRN Electronic Journal,2021
23a5a55c53f7e282a46fbb8d93c197477c035c1d3ca10c714fabfa,ANON,0,0,Journal of Accounting and Economics,2023
9406350d52556045cb1a73da72f017797a02591d3ba1067f4cabfc,ANON,0,0,International Finance Review,2016
9406350d52556045cb1a73da72f017797a02591d3ba1067f4cabfc,ANON,0,0,The Accounting Review,2016
9406350d52556045cb1a73da72f017797a02591d3ba1067f4cabfc,ANON,0,0,Journal of Banking & Finance,2019
9406350d52556045cb1a73da72f017797a02591d3ba1067f4cabfc,ANON,0,0,Journal of Business Finance & Accounting,2020
9406350d52556045cb1a73da72f017797a02591d3ba1067f4cabfc,ANON,0,0,International Review of Financial Analysis,2022
9406350d52556045cb1a73da72f017797a02591d3ba1067f4cabfc,ANON,0,0,"Journal of Accounting, Auditing & Finance",2023
9406350d52556045cb1a73da72f017797a02591d3ba1067f4cabfc,ANON,0,0,NA,NA
9a8c465c7341dcfec646e780499bf3217e055e1e3da60d794bae,ANON,0,0,Organization Science,2016
9a8c465c7341dcfec646e780499bf3217e055e1e3da60d794bae,ANON,0,0,Journal of Organizational Behavior,2015
9a8c465c7341dcfec646e780499bf3217e055e1e3da60d794bae,ANON,0,0,Journal of Management,2014
9a8c465c7341dcfec646e780499bf3217e055e1e3da60d794bae,ANON,0,0,International Sociology,2016
9a8c465c7341dcfec646e780499bf3217e055e1e3da60d794bae,ANON,0,0,Journal of Management Studies,2015
9a8c465c7341dcfec646e780499bf3217e055e1e3da60d794bae,ANON,0,0,American Journal of Sociology,2017
9a8c465c7341dcfec646e780499bf3217e055e1e3da60d794bae,ANON,0,0,Social Cognitive and Affective Neuroscience,2016
9a8c465c7341dcfec646e780499bf3217e055e1e3da60d794bae,ANON,0,0,Economic and Industrial Democracy,2015
9a8c465c7341dcfec646e780499bf3217e055e1e3da60d794bae,ANON,0,0,Games,2017
9a8c465c7341dcfec646e780499bf3217e055e1e3da60d794bae,ANON,0,0,Hormones and Behavior,2017
9a8c465c7341dcfec646e780499bf3217e055e1e3da60d794bae,ANON,0,0,Personnel Review,2017
9a8c465c7341dcfec646e780499bf3217e055e1e3da60d794bae,ANON,0,0,Social Forces,2018
9a8c465c7341dcfec646e780499bf3217e055e1e3da60d794bae,ANON,0,0,Nature Human Behaviour,2018
9a8c465c7341dcfec646e780499bf3217e055e1e3da60d794bae,ANON,0,0,Strategic Management Journal,2018
9a8c465c7341dcfec646e780499bf3217e055e1e3da60d794bae,ANON,0,0,Journal of Management,2017
9a8c465c7341dcfec646e780499bf3217e055e1e3da60d794bae,ANON,0,0,R&D Management,2019
9a8c465c7341dcfec646e780499bf3217e055e1e3da60d794bae,ANON,0,0,"Accounting, Organizations and Society",2020
9a8c465c7341dcfec646e780499bf3217e055e1e3da60d794bae,ANON,1,0,Nature Human Behaviour,2020
9a8c465c7341dcfec646e780499bf3217e055e1e3da60d794bae,ANON,0,0,Organization Science,2020
9a8c465c7341dcfec646e780499bf3217e055e1e3da60d794bae,ANON,0,0,Journal of Management,2020
9a8c465c7341dcfec646e780499bf3217e055e1e3da60d794bae,ANON,1,0,Academy of Management Journal,2020
9a8c465c7341dcfec646e780499bf3217e055e1e3da60d794bae,ANON,0,0,Global Strategy Journal,2020
9a8c465c7341dcfec646e780499bf3217e055e1e3da60d794bae,ANON,0,0,Academy of Management Discoveries,2021
9a8c465c7341dcfec646e780499bf3217e055e1e3da60d794bae,ANON,0,0,The Leadership Quarterly,2020
9a8c465c7341dcfec646e780499bf3217e055e1e3da60d794bae,ANON,0,0,Journal of Management Studies,2021
9a8c465c7341dcfec646e780499bf3217e055e1e3da60d794bae,ANON,0,0,"Journal of Neuroscience, Psychology, and Economics",2022
9a8c465c7341dcfec646e780499bf3217e055e1e3da60d794bae,ANON,0,0,"Work, Aging and Retirement",2021
04adc64fa826a811dfa7e65d17c097e97a01561c3ea9067d4fabfc,ANON,0,0,Accounting Horizons,2015
04adc64fa826a811dfa7e65d17c097e97a01561c3ea9067d4fabfc,ANON,0,0,Contemporary Accounting Research,2016
04adc64fa826a811dfa7e65d17c097e97a01561c3ea9067d4fabfc,ANON,0,0,Behavioral Research in Accounting,2017
04adc64fa826a811dfa7e65d17c097e97a01561c3ea9067d4fabfc,ANON,0,0,The Accounting Review,2017
04adc64fa826a811dfa7e65d17c097e97a01561c3ea9067d4fabfc,ANON,0,0,Contemporary Accounting Research,2018
04adc64fa826a811dfa7e65d17c097e97a01561c3ea9067d4fabfc,ANON,0,0,The Accounting Review,2019
04adc64fa826a811dfa7e65d17c097e97a01561c3ea9067d4fabfc,ANON,0,0,Current Issues in Auditing,2020
04adc64fa826a811dfa7e65d17c097e97a01561c3ea9067d4fabfc,ANON,0,0,Auditing: A Journal of Practice & Theory,2020
04adc64fa826a811dfa7e65d17c097e97a01561c3ea9067d4fabfc,ANON,0,0,Current Issues in Auditing,2021
04adc64fa826a811dfa7e65d17c097e97a01561c3ea9067d4fabfc,ANON,0,0,Journal of Information Systems,2022
04adc64fa826a811dfa7e65d17c097e97a01561c3ea9067d4fabfc,ANON,0,0,Auditing: A Journal of Practice & Theory,2022
04adc64fa826a811dfa7e65d17c097e97a01561c3ea9067d4fabfc,ANON,0,0,Auditing: A Journal of Practice & Theory,2023
1ea0f77b1a98b4d34d877535445c01a47f015e1b34a60a7d4bab,ANON,0,0,Journal of Financial Economics,2016
1ea0f77b1a98b4d34d877535445c01a47f015e1b34a60a7d4bab,ANON,0,0,Journal of International Business Studies,2019
1ea0f77b1a98b4d34d877535445c01a47f015e1b34a60a7d4bab,ANON,0,0,Journal of Accounting and Economics,2018
1ea0f77b1a98b4d34d877535445c01a47f015e1b34a60a7d4bab,ANON,0,0,Journal of International Business Studies,2018
1ea0f77b1a98b4d34d877535445c01a47f015e1b34a60a7d4bab,ANON,0,0,Journal of Corporate Accounting & Finance,2021
1ea0f77b1a98b4d34d877535445c01a47f015e1b34a60a7d4bab,ANON,0,0,The Quarterly Review of Economics and Finance,2021
1ea0f77b1a98b4d34d877535445c01a47f015e1b34a60a7d4bab,ANON,0,0,Journal of Financial and Quantitative Analysis,2022
1ea0f77b1a98b4d34d877535445c01a47f015e1b34a60a7d4bab,ANON,1,0,Journal of International Business Studies,2023
d5a3ddec52a8421418b928bd3b56e6d07c01581d3ea60f7d4babfc,ANON,0,0,The Accounting Review,2018
d5a3ddec52a8421418b928bd3b56e6d07c01581d3ea60f7d4babfc,ANON,0,0,Contemporary Accounting Research,2018
d5a3ddec52a8421418b928bd3b56e6d07c01581d3ea60f7d4babfc,ANON,0,0,Journal of Management Accounting Research,2020
d5a3ddec52a8421418b928bd3b56e6d07c01581d3ea60f7d4babfc,ANON,0,0,Journal of Accounting and Economics,2023
d5a3ddec52a8421418b928bd3b56e6d07c01581d3ea60f7d4babfc,ANON,0,0,Contemporary Accounting Research,2023
0fb5dc865627383390820db9372d95847e045e1935a6077c4cad,ANON,0,0,Contemporary Accounting Research,2017
0fb5dc865627383390820db9372d95847e045e1935a6077c4cad,ANON,0,0,Behavioral Research in Accounting,2017
0fb5dc865627383390820db9372d95847e045e1935a6077c4cad,ANON,0,0,"Accounting, Organizations and Society",2022
0fb5dc865627383390820db9372d95847e045e1935a6077c4cad,ANON,0,0,Auditing: A Journal of Practice & Theory,2022
0fb5dc865627383390820db9372d95847e045e1935a6077c4cad,ANON,0,0,Auditing: A Journal of Practice & Theory,2022
0fb5dc865627383390820db9372d95847e045e1935a6077c4cad,ANON,0,0,Behavioral Research in Accounting,2023
bad93a97ca26dd0d3029b1eebb927e1b7a025e1d39a10c7a4babfc,ANON,0,0,Review of Accounting Studies,2016
bad93a97ca26dd0d3029b1eebb927e1b7a025e1d39a10c7a4babfc,ANON,0,0,Contemporary Accounting Research,2017
bad93a97ca26dd0d3029b1eebb927e1b7a025e1d39a10c7a4babfc,ANON,0,0,"Sustainability Accounting, Management and Policy Journal",2018
bad93a97ca26dd0d3029b1eebb927e1b7a025e1d39a10c7a4babfc,ANON,0,0,Journal of Corporate Finance,2018
bad93a97ca26dd0d3029b1eebb927e1b7a025e1d39a10c7a4babfc,ANON,0,0,Journal of Contemporary Accounting & Economics,2018
bad93a97ca26dd0d3029b1eebb927e1b7a025e1d39a10c7a4babfc,ANON,0,0,Journal of Energy & Natural Resources Law,2018
bad93a97ca26dd0d3029b1eebb927e1b7a025e1d39a10c7a4babfc,ANON,0,0,Weather and Climate Extremes,2019
bad93a97ca26dd0d3029b1eebb927e1b7a025e1d39a10c7a4babfc,ANON,0,0,Nature Energy,2020
bad93a97ca26dd0d3029b1eebb927e1b7a025e1d39a10c7a4babfc,ANON,0,0,Journal of Corporate Finance,2018
bad93a97ca26dd0d3029b1eebb927e1b7a025e1d39a10c7a4babfc,ANON,0,0,The British Accounting Review,2020
bad93a97ca26dd0d3029b1eebb927e1b7a025e1d39a10c7a4babfc,ANON,0,0,Abacus,2021
bad93a97ca26dd0d3029b1eebb927e1b7a025e1d39a10c7a4babfc,ANON,0,0,Journal of Corporate Finance,2021
bad93a97ca26dd0d3029b1eebb927e1b7a025e1d39a10c7a4babfc,ANON,0,0,Journal of Business Finance & Accounting,2021
bad93a97ca26dd0d3029b1eebb927e1b7a025e1d39a10c7a4babfc,ANON,0,0,Nature Energy,2021
bad93a97ca26dd0d3029b1eebb927e1b7a025e1d39a10c7a4babfc,ANON,0,0,Financial Management,2021
bad93a97ca26dd0d3029b1eebb927e1b7a025e1d39a10c7a4babfc,ANON,0,0,The Accounting Review,2022
bad93a97ca26dd0d3029b1eebb927e1b7a025e1d39a10c7a4babfc,ANON,0,0,Journal of Business Ethics,2023
bad93a97ca26dd0d3029b1eebb927e1b7a025e1d39a10c7a4babfc,ANON,0,0,European Accounting Review,2023
bad93a97ca26dd0d3029b1eebb927e1b7a025e1d39a10c7a4babfc,ANON,0,0,Journal of Business Finance & Accounting,2022
9611fb86f6956516afdaccc1c338758a7e065e1d3aa208714ca2,ANON,0,0,Review of Accounting Studies,2016
9611fb86f6956516afdaccc1c338758a7e065e1d3aa208714ca2,ANON,0,0,Journal of Business Finance & Accounting,2017
9611fb86f6956516afdaccc1c338758a7e065e1d3aa208714ca2,ANON,1,0,Journal of Accounting Research,2017
9611fb86f6956516afdaccc1c338758a7e065e1d3aa208714ca2,ANON,0,0,Journal of Accounting and Economics,2022
816c962c1495ee91152625454283ea4e7c025c1e39a50f7b4fabfc,ANON,0,0,Journal of Business Finance & Accounting,2018
816c962c1495ee91152625454283ea4e7c025c1e39a50f7b4fabfc,ANON,0,0,Journal of Accounting and Economics,2018
816c962c1495ee91152625454283ea4e7c025c1e39a50f7b4fabfc,ANON,1,0,Journal of Accounting Research,2018
816c962c1495ee91152625454283ea4e7c025c1e39a50f7b4fabfc,ANON,0,0,Contemporary Accounting Research,2020
816c962c1495ee91152625454283ea4e7c025c1e39a50f7b4fabfc,ANON,0,0,Contemporary Accounting Research,2021
816c962c1495ee91152625454283ea4e7c025c1e39a50f7b4fabfc,ANON,0,0,Journal of Accounting and Economics,2021
816c962c1495ee91152625454283ea4e7c025c1e39a50f7b4fabfc,ANON,0,0,The Accounting Review,2023
816c962c1495ee91152625454283ea4e7c025c1e39a50f7b4fabfc,ANON,0,0,Review of Accounting Studies,2023
816c962c1495ee91152625454283ea4e7c025c1e39a50f7b4fabfc,ANON,0,0,Review of Accounting Studies,2022
a81f0ca1f301da4c4a5f4118c01ce0e37a035e1e3ea409714cabfc,ANON,0,0,"Journal of Law, Finance, and Accounting",2016
a81f0ca1f301da4c4a5f4118c01ce0e37a035e1e3ea409714cabfc,ANON,0,0,"Journal of Accounting, Auditing & Finance",2017
a81f0ca1f301da4c4a5f4118c01ce0e37a035e1e3ea409714cabfc,ANON,0,0,Contemporary Accounting Research,2018
a81f0ca1f301da4c4a5f4118c01ce0e37a035e1e3ea409714cabfc,ANON,0,0,Management Science,2019
a81f0ca1f301da4c4a5f4118c01ce0e37a035e1e3ea409714cabfc,ANON,0,0,Journal of Management Accounting Research,2020
a81f0ca1f301da4c4a5f4118c01ce0e37a035e1e3ea409714cabfc,ANON,0,0,Contemporary Accounting Research,2022
5fa5b2280fe084b88bb06677fbcb98a17c01561b3da10b704aabfc,ANON,0,0,Auditing: A Journal of Practice & Theory,2017
5fa5b2280fe084b88bb06677fbcb98a17c01561b3da10b704aabfc,ANON,0,0,Journal of Business Finance & Accounting,2019
5fa5b2280fe084b88bb06677fbcb98a17c01561b3da10b704aabfc,ANON,0,0,Contemporary Accounting Research,2018
5fa5b2280fe084b88bb06677fbcb98a17c01561b3da10b704aabfc,ANON,0,0,Pacific-Basin Finance Journal,2019
5fa5b2280fe084b88bb06677fbcb98a17c01561b3da10b704aabfc,ANON,0,0,Korean Accounting Review,2020
5fa5b2280fe084b88bb06677fbcb98a17c01561b3da10b704aabfc,ANON,0,0,The Accounting Review,2019
5fa5b2280fe084b88bb06677fbcb98a17c01561b3da10b704aabfc,ANON,0,0,Accounting Horizons,2020
5fa5b2280fe084b88bb06677fbcb98a17c01561b3da10b704aabfc,ANON,0,0,Managerial Auditing Journal,2020
5fa5b2280fe084b88bb06677fbcb98a17c01561b3da10b704aabfc,ANON,0,0,Korean Accounting Review,2021
5fa5b2280fe084b88bb06677fbcb98a17c01561b3da10b704aabfc,ANON,0,0,Journal of Management Accounting Research,2020
5fa5b2280fe084b88bb06677fbcb98a17c01561b3da10b704aabfc,ANON,0,0,Contemporary Accounting Research,2020
5fa5b2280fe084b88bb06677fbcb98a17c01561b3da10b704aabfc,ANON,0,0,Asia-Pacific Journal of Financial Studies,2021
5fa5b2280fe084b88bb06677fbcb98a17c01561b3da10b704aabfc,ANON,0,0,Journal of Accounting and Public Policy,2021
5fa5b2280fe084b88bb06677fbcb98a17c01561b3da10b704aabfc,ANON,0,0,Journal of Accounting and Public Policy,2022
5fa5b2280fe084b88bb06677fbcb98a17c01561b3da10b704aabfc,ANON,0,0,Korean Accounting Review,2023
5fa5b2280fe084b88bb06677fbcb98a17c01561b3da10b704aabfc,ANON,0,0,Accounting and Business Research,2022
5fa5b2280fe084b88bb06677fbcb98a17c01561b3da10b704aabfc,ANON,0,0,Journal of Business Finance & Accounting,2022
5fa5b2280fe084b88bb06677fbcb98a17c01561b3da10b704aabfc,ANON,0,0,International Review of Financial Analysis,2023
e88afb9ea770e9d960f3dd9fda3a2b1f7c035f1938a80a7c49abfc,ANON,0,0,The Quarterly Review of Economics and Finance,2024
e88afb9ea770e9d960f3dd9fda3a2b1f7c035f1938a80a7c49abfc,ANON,0,0,The Accounting Review,2016
bf3fd49c774ac89b2455c57cffa11bf87c035f153ea1077147adf4,ANON,0,0,Contemporary Accounting Research,2017
b29a8b400a40187ba6de97e248747d767c035c1e3aa80e704ea9fc,ANON,1,0,Journal of Accounting Research,2021
1504bdc8c4c19b6268e05d449cd1ec297a01581d3ca3077f4aabfc,ANON,1,1,Journal of Accounting Research,2023
1504bdc8c4c19b6268e05d449cd1ec297a01581d3ca3077f4aabfc,ANON,0,0,Review of Accounting Studies,2023
1504bdc8c4c19b6268e05d449cd1ec297a01581d3ca3077f4aabfc,ANON,0,0,Journal of Accounting and Economics,2019
1504bdc8c4c19b6268e05d449cd1ec297a01581d3ca3077f4aabfc,ANON,1,0,Journal of Accounting Research,2019
1504bdc8c4c19b6268e05d449cd1ec297a01581d3ca3077f4aabfc,ANON,1,0,Journal of Accounting Research,2019
1504bdc8c4c19b6268e05d449cd1ec297a01581d3ca3077f4aabfc,ANON,0,0,Review of Accounting Studies,2018
1504bdc8c4c19b6268e05d449cd1ec297a01581d3ca3077f4aabfc,ANON,1,0,Journal of Accounting Research,2017
1504bdc8c4c19b6268e05d449cd1ec297a01581d3ca3077f4aabfc,ANON,0,0,The Accounting Review,2016
1504bdc8c4c19b6268e05d449cd1ec297a01581d3ca3077f4aabfc,ANON,0,0,Australian Journal of Management,2016
4f1f490c08bfd9da36ddd656649975967a015b1934a10c7e47abfc,ANON,0,0,Review of Accounting Studies,2024
4f1f490c08bfd9da36ddd656649975967a015b1934a10c7e47abfc,ANON,0,0,The Accounting Review,2023
4f1f490c08bfd9da36ddd656649975967a015b1934a10c7e47abfc,ANON,1,0,Journal of Accounting and Economics,2022
4f1f490c08bfd9da36ddd656649975967a015b1934a10c7e47abfc,ANON,0,0,Journal of Financial Economics,2021
4f1f490c08bfd9da36ddd656649975967a015b1934a10c7e47abfc,ANON,0,0,The Accounting Review,2021
4f1f490c08bfd9da36ddd656649975967a015b1934a10c7e47abfc,ANON,0,0,Journal of Accounting and Economics,2020
4f1f490c08bfd9da36ddd656649975967a015b1934a10c7e47abfc,ANON,0,0,Journal of Accounting and Economics,2019
4f1f490c08bfd9da36ddd656649975967a015b1934a10c7e47abfc,ANON,0,0,Journal of Accounting and Economics,2019
4f1f490c08bfd9da36ddd656649975967a015b1934a10c7e47abfc,ANON,0,0,The Accounting Review,2018
4f1f490c08bfd9da36ddd656649975967a015b1934a10c7e47abfc,ANON,0,0,Journal of Accounting and Economics,2018
4f1f490c08bfd9da36ddd656649975967a015b1934a10c7e47abfc,ANON,0,0,Management Science,2015
669a17cd54a33759f05150359d7539557c015a1f3ea4077949abfc,ANON,0,0,Contemporary Accounting Research,2018
669a17cd54a33759f05150359d7539557c015a1f3ea4077949abfc,ANON,0,0,Energy Economics,2017
938fcf7512e9aac85b20434abe70bf7e7c02591e3ca6087c49abfc,ANON,0,0,Contemporary Accounting Research,2018
938fcf7512e9aac85b20434abe70bf7e7c02591e3ca6087c49abfc,ANON,0,0,The Accounting Review,2023
938fcf7512e9aac85b20434abe70bf7e7c02591e3ca6087c49abfc,ANON,0,0,The Accounting Review,2017
3c160fb808835339f5bcfb936387a8397b005e1b3fa70f7c4cabfc,ANON,0,0,The Accounting Review,2017
97df62d44fa393a49142e19c50ca157e7a015c1c38a0067c48abfc,ANON,1,0,The Journal of Finance,2023
97df62d44fa393a49142e19c50ca157e7a015c1c38a0067c48abfc,ANON,0,0,The Review of Financial Studies,2021
97df62d44fa393a49142e19c50ca157e7a015c1c38a0067c48abfc,ANON,0,0,The Review of Financial Studies,2021
97df62d44fa393a49142e19c50ca157e7a015c1c38a0067c48abfc,ANON,0,0,Management Science,2020
97df62d44fa393a49142e19c50ca157e7a015c1c38a0067c48abfc,ANON,0,0,The Review of Asset Pricing Studies,2020
97df62d44fa393a49142e19c50ca157e7a015c1c38a0067c48abfc,ANON,1,0,American Economic Review,2018
97df62d44fa393a49142e19c50ca157e7a015c1c38a0067c48abfc,ANON,0,0,Economics Letters,2017
97df62d44fa393a49142e19c50ca157e7a015c1c38a0067c48abfc,ANON,0,0,"Accounting, Organizations and Society",2016
97df62d44fa393a49142e19c50ca157e7a015c1c38a0067c48abfc,ANON,0,0,London Business School Review,2016
914e22d7d845decf2aab2e66a727f8e77c015d143ea7077a4fabfc,ANON,0,0,European Accounting Review,2022
914e22d7d845decf2aab2e66a727f8e77c015d143ea7077a4fabfc,ANON,0,0,Scandinavian Journal of Management,2023
914e22d7d845decf2aab2e66a727f8e77c015d143ea7077a4fabfc,ANON,0,0,European Accounting Review,2021
914e22d7d845decf2aab2e66a727f8e77c015d143ea7077a4fabfc,ANON,0,0,Qualitative Research in Accounting & Management,2019
914e22d7d845decf2aab2e66a727f8e77c015d143ea7077a4fabfc,ANON,0,0,Contemporary Accounting Research,2017
213d0691c62f1f6c64cb778aea129e647e045e1f34a50c704bab,ANON,0,0,Abacus,2023
213d0691c62f1f6c64cb778aea129e647e045e1f34a50c704bab,ANON,0,0,Qualitative Research in Accounting & Management,2022
213d0691c62f1f6c64cb778aea129e647e045e1f34a50c704bab,ANON,0,0,Accounting & Finance,2023
213d0691c62f1f6c64cb778aea129e647e045e1f34a50c704bab,ANON,0,0,Accounting & Finance,2022
213d0691c62f1f6c64cb778aea129e647e045e1f34a50c704bab,ANON,0,0,Australian Accounting Review,2022
213d0691c62f1f6c64cb778aea129e647e045e1f34a50c704bab,ANON,0,0,Critical Perspectives on Accounting,2021
213d0691c62f1f6c64cb778aea129e647e045e1f34a50c704bab,ANON,0,0,Financial Accountability & Management,2021
213d0691c62f1f6c64cb778aea129e647e045e1f34a50c704bab,ANON,0,0,Management Accounting Research,2021
213d0691c62f1f6c64cb778aea129e647e045e1f34a50c704bab,ANON,0,0,"Accounting, Auditing & Accountability Journal",2019
213d0691c62f1f6c64cb778aea129e647e045e1f34a50c704bab,ANON,0,0,"Accounting, Auditing & Accountability Journal",2019
213d0691c62f1f6c64cb778aea129e647e045e1f34a50c704bab,ANON,0,0,"Accounting, Auditing & Accountability Journal",2019
213d0691c62f1f6c64cb778aea129e647e045e1f34a50c704bab,ANON,0,0,"Accounting, Organizations and Society",2018
213d0691c62f1f6c64cb778aea129e647e045e1f34a50c704bab,ANON,0,0,Behavioral Research in Accounting,2019
213d0691c62f1f6c64cb778aea129e647e045e1f34a50c704bab,ANON,0,0,The Routledge Companion to Critical Accounting,2018
213d0691c62f1f6c64cb778aea129e647e045e1f34a50c704bab,ANON,0,0,"Accounting, Organizations and Society",2016
6a975ef04f6ef3045657c54700c65c8b7e045e1935a70b794faa,ANON,1,0,Journal of Political Economy,2023
6a975ef04f6ef3045657c54700c65c8b7e045e1935a70b794faa,ANON,1,0,Quantitative Economics,2023
6a975ef04f6ef3045657c54700c65c8b7e045e1935a70b794faa,ANON,1,0,Journal of Accounting Research,2018
6a975ef04f6ef3045657c54700c65c8b7e045e1935a70b794faa,ANON,1,0,American Economic Journal: Microeconomics,2016
f827131cb43f21c0f227f2bcc51d462e7c015b1934a00f7c49abfc,ANON,0,0,"Accounting, Organizations and Society",2023
f827131cb43f21c0f227f2bcc51d462e7c015b1934a00f7c49abfc,ANON,0,0,"Accounting, Organizations and Society",2022
f827131cb43f21c0f227f2bcc51d462e7c015b1934a00f7c49abfc,ANON,0,0,The Accounting Review,2020
f827131cb43f21c0f227f2bcc51d462e7c015b1934a00f7c49abfc,ANON,0,0,The Accounting Review,2020
f827131cb43f21c0f227f2bcc51d462e7c015b1934a00f7c49abfc,ANON,0,0,Contemporary Accounting Research,2019
f827131cb43f21c0f227f2bcc51d462e7c015b1934a00f7c49abfc,ANON,0,0,Journal of Accounting and Economics,2019
93efa0a48a28946e6c815a05d266df257c035c1a3aa10a7d4cabfc,ANON,0,0,"Journal of Accounting, Auditing & Finance",2024
93efa0a48a28946e6c815a05d266df257c035c1a3aa10a7d4cabfc,ANON,0,0,Asian Review of Accounting,2021
93efa0a48a28946e6c815a05d266df257c035c1a3aa10a7d4cabfc,ANON,0,0,Journal of International Accounting Research,2021
93efa0a48a28946e6c815a05d266df257c035c1a3aa10a7d4cabfc,ANON,0,0,Asian Review of Accounting,2021
93efa0a48a28946e6c815a05d266df257c035c1a3aa10a7d4cabfc,ANON,0,0,European Accounting Review,2020
93efa0a48a28946e6c815a05d266df257c035c1a3aa10a7d4cabfc,ANON,0,0,Asian Review of Accounting,2020
93efa0a48a28946e6c815a05d266df257c035c1a3aa10a7d4cabfc,ANON,0,0,The Journal of the American Taxation Association,2019
93efa0a48a28946e6c815a05d266df257c035c1a3aa10a7d4cabfc,ANON,0,0,Review of Accounting Studies,2020
93efa0a48a28946e6c815a05d266df257c035c1a3aa10a7d4cabfc,ANON,0,0,Contemporary Accounting Research,2018
93efa0a48a28946e6c815a05d266df257c035c1a3aa10a7d4cabfc,ANON,0,0,"Journal of Law, Finance, and Accounting",2018
93efa0a48a28946e6c815a05d266df257c035c1a3aa10a7d4cabfc,ANON,0,0,Research in Accounting Regulation,2017
93efa0a48a28946e6c815a05d266df257c035c1a3aa10a7d4cabfc,ANON,0,0,Research in Accounting Regulation,2017
93efa0a48a28946e6c815a05d266df257c035c1a3aa10a7d4cabfc,ANON,0,0,Review of Quantitative Finance and Accounting,2016
93efa0a48a28946e6c815a05d266df257c035c1a3aa10a7d4cabfc,ANON,0,0,Contemporary Accounting Research,2015
93efa0a48a28946e6c815a05d266df257c035c1a3aa10a7d4cabfc,ANON,0,0,The Accounting Review,2015
93efa0a48a28946e6c815a05d266df257c035c1a3aa10a7d4cabfc,ANON,0,0,Review of Quantitative Finance and Accounting,2014
93efa0a48a28946e6c815a05d266df257c035c1a3aa10a7d4cabfc,ANON,0,0,Review of Quantitative Finance and Accounting,2014
1b782321478768b57bb2f69298a320807c025b183ca00d7e4dabfc,ANON,0,0,Review of Accounting Studies,2022
1b782321478768b57bb2f69298a320807c025b183ca00d7e4dabfc,ANON,0,0,SSRN Electronic Journal,2023
1b782321478768b57bb2f69298a320807c025b183ca00d7e4dabfc,ANON,0,0,SSRN Electronic Journal,2022
1b782321478768b57bb2f69298a320807c025b183ca00d7e4dabfc,ANON,0,0,SSRN Electronic Journal,2021
1b782321478768b57bb2f69298a320807c025b183ca00d7e4dabfc,ANON,0,0,Journal of Corporate Finance,2019
1b782321478768b57bb2f69298a320807c025b183ca00d7e4dabfc,ANON,0,0,Journal of Accounting and Economics,2018
1b782321478768b57bb2f69298a320807c025b183ca00d7e4dabfc,ANON,0,0,Journal of Banking & Finance,2017
1b782321478768b57bb2f69298a320807c025b183ca00d7e4dabfc,ANON,0,0,Journal of Accounting and Economics,2015
bd5abb6af42a9139b6816162298d029d71005f1938a0077b4eab,ANON,0,0,Management Science,2020
bd5abb6af42a9139b6816162298d029d71005f1938a0077b4eab,ANON,0,0,China Journal of Accounting Research,2018
bd5abb6af42a9139b6816162298d029d71005f1938a0077b4eab,ANON,0,0,The Accounting Review,2018
bd5abb6af42a9139b6816162298d029d71005f1938a0077b4eab,ANON,0,0,The Japanese Accounting Review,2017
1cd7dbeb0b95bcb776e0e374f3907e447c015c1a3ca6077948abfc,ANON,1,0,Ambio,2024
1cd7dbeb0b95bcb776e0e374f3907e447c015c1a3ca6077948abfc,ANON,0,0,Environment and Planning C: Politics and Space,2022
1cd7dbeb0b95bcb776e0e374f3907e447c015c1a3ca6077948abfc,ANON,0,0,Organising Immigrants' Integration,2023
1cd7dbeb0b95bcb776e0e374f3907e447c015c1a3ca6077948abfc,ANON,0,0,Scandinavian Journal of Public Administration,2023
1cd7dbeb0b95bcb776e0e374f3907e447c015c1a3ca6077948abfc,ANON,0,0,Innovation: The European Journal of Social Science Research,2023
1cd7dbeb0b95bcb776e0e374f3907e447c015c1a3ca6077948abfc,ANON,0,0,Urban Geography,2022
1cd7dbeb0b95bcb776e0e374f3907e447c015c1a3ca6077948abfc,ANON,0,0,Urban Studies,2022
1cd7dbeb0b95bcb776e0e374f3907e447c015c1a3ca6077948abfc,ANON,0,0,PLOS ONE,2022
1cd7dbeb0b95bcb776e0e374f3907e447c015c1a3ca6077948abfc,ANON,0,0,Cities,2022
1cd7dbeb0b95bcb776e0e374f3907e447c015c1a3ca6077948abfc,ANON,0,0,Journal of Housing and the Built Environment,2021
1cd7dbeb0b95bcb776e0e374f3907e447c015c1a3ca6077948abfc,ANON,0,0,The Journal of Environment & Development,2021
1cd7dbeb0b95bcb776e0e374f3907e447c015c1a3ca6077948abfc,ANON,0,0,Environment and Urbanization,2020
1cd7dbeb0b95bcb776e0e374f3907e447c015c1a3ca6077948abfc,ANON,0,0,Environment and Planning A: Economy and Space,2020
1cd7dbeb0b95bcb776e0e374f3907e447c015c1a3ca6077948abfc,ANON,0,0,Scandinavian Journal of Public Administration,2023
1cd7dbeb0b95bcb776e0e374f3907e447c015c1a3ca6077948abfc,ANON,0,0,Environment and Planning C: Politics and Space,2018
1cd7dbeb0b95bcb776e0e374f3907e447c015c1a3ca6077948abfc,ANON,0,0,"Accounting, Organizations and Society",2016
1cd7dbeb0b95bcb776e0e374f3907e447c015c1a3ca6077948abfc,ANON,0,0,NA,NA
1cd7dbeb0b95bcb776e0e374f3907e447c015c1a3ca6077948abfc,ANON,0,0,Environmental Politics,2017
1cd7dbeb0b95bcb776e0e374f3907e447c015c1a3ca6077948abfc,ANON,0,0,The Journal of Environment & Development,2016
1cd7dbeb0b95bcb776e0e374f3907e447c015c1a3ca6077948abfc,ANON,0,0,Public Administration and Development,2016
1cd7dbeb0b95bcb776e0e374f3907e447c015c1a3ca6077948abfc,ANON,0,0,Environment and Urbanization,2016
1cd7dbeb0b95bcb776e0e374f3907e447c015c1a3ca6077948abfc,ANON,0,0,Advances in Sustainability and Environmental Justice,2016
8bce1e67a83355a7715ebc5a065943897c025f1538a8067049abfc,ANON,1,0,Management Science,2023
8bce1e67a83355a7715ebc5a065943897c025f1538a8067049abfc,ANON,0,0,Review of Accounting Studies,2022
8bce1e67a83355a7715ebc5a065943897c025f1538a8067049abfc,ANON,1,0,Journal of Accounting Research,2020
8bce1e67a83355a7715ebc5a065943897c025f1538a8067049abfc,ANON,1,0,Journal of Accounting Research,2018
8bce1e67a83355a7715ebc5a065943897c025f1538a8067049abfc,ANON,0,0,Journal of Accounting and Economics,2017
d5bcebc8147aca4521cbc586a777ff5e7c035c1e39a10b7d4ca3f4,ANON,0,0,The Journal of the American Taxation Association,2022
d5bcebc8147aca4521cbc586a777ff5e7c035c1e39a10b7d4ca3f4,ANON,0,0,The Accounting Review,2023
d5bcebc8147aca4521cbc586a777ff5e7c035c1e39a10b7d4ca3f4,ANON,0,0,The Accounting Review,2021
d5bcebc8147aca4521cbc586a777ff5e7c035c1e39a10b7d4ca3f4,ANON,0,0,The Accounting Review,2018
d335af2cf8286d986bffab8b2c018b077c025c193ea20a7848abfc,ANON,0,0,Contemporary Accounting Research,2020
261e01b6bb88ea51d95338f28b94edc47e065e1e35a2097d49ac,ANON,0,0,Qualitative Research in Accounting & Management,2016
261e01b6bb88ea51d95338f28b94edc47e065e1e35a2097d49ac,ANON,0,0,Journal of Accounting & Organizational Change,2016
261e01b6bb88ea51d95338f28b94edc47e065e1e35a2097d49ac,ANON,0,0,Journal of Management History,2016
261e01b6bb88ea51d95338f28b94edc47e065e1e35a2097d49ac,ANON,0,0,"Accounting, Auditing & Accountability Journal",2016
261e01b6bb88ea51d95338f28b94edc47e065e1e35a2097d49ac,ANON,0,0,Entreprises et histoire,2016
261e01b6bb88ea51d95338f28b94edc47e065e1e35a2097d49ac,ANON,1,0,"Accounting, Auditing & Accountability Journal",2016
261e01b6bb88ea51d95338f28b94edc47e065e1e35a2097d49ac,ANON,0,0,"Accounting, Auditing & Accountability Journal",2017
261e01b6bb88ea51d95338f28b94edc47e065e1e35a2097d49ac,ANON,0,0,Journal of Management History,2017
261e01b6bb88ea51d95338f28b94edc47e065e1e35a2097d49ac,ANON,0,0,"Accounting, Auditing & Accountability Journal",2017
261e01b6bb88ea51d95338f28b94edc47e065e1e35a2097d49ac,ANON,0,0,The Routledge Companion to Critical Accounting,2018
261e01b6bb88ea51d95338f28b94edc47e065e1e35a2097d49ac,ANON,0,0,NA,2017
261e01b6bb88ea51d95338f28b94edc47e065e1e35a2097d49ac,ANON,0,0,NA,2017
261e01b6bb88ea51d95338f28b94edc47e065e1e35a2097d49ac,ANON,0,0,Financial Accountability & Management,2017
261e01b6bb88ea51d95338f28b94edc47e065e1e35a2097d49ac,ANON,0,0,Accounting History,2017
261e01b6bb88ea51d95338f28b94edc47e065e1e35a2097d49ac,ANON,0,0,"Accounting, Auditing & Accountability Journal",2018
261e01b6bb88ea51d95338f28b94edc47e065e1e35a2097d49ac,ANON,0,0,International Journal of Accounting Information Systems,2018
261e01b6bb88ea51d95338f28b94edc47e065e1e35a2097d49ac,ANON,0,0,"Accounting, Auditing & Accountability Journal",2018
261e01b6bb88ea51d95338f28b94edc47e065e1e35a2097d49ac,ANON,0,0,"Accounting, Auditing & Accountability Journal",2019
261e01b6bb88ea51d95338f28b94edc47e065e1e35a2097d49ac,ANON,0,0,The British Accounting Review,2018
261e01b6bb88ea51d95338f28b94edc47e065e1e35a2097d49ac,ANON,0,0,"Accounting, Auditing & Accountability Journal",2019
261e01b6bb88ea51d95338f28b94edc47e065e1e35a2097d49ac,ANON,0,0,Accounting & Finance,2018
261e01b6bb88ea51d95338f28b94edc47e065e1e35a2097d49ac,ANON,0,0,Contemporary Accounting Research,2019
261e01b6bb88ea51d95338f28b94edc47e065e1e35a2097d49ac,ANON,0,0,The British Accounting Review,2018
261e01b6bb88ea51d95338f28b94edc47e065e1e35a2097d49ac,ANON,0,0,"Accounting, Auditing & Accountability Journal",2020
261e01b6bb88ea51d95338f28b94edc47e065e1e35a2097d49ac,ANON,0,0,Qualitative Research in Accounting & Management,2020
261e01b6bb88ea51d95338f28b94edc47e065e1e35a2097d49ac,ANON,0,0,Critical Perspectives on Accounting,2019
261e01b6bb88ea51d95338f28b94edc47e065e1e35a2097d49ac,ANON,0,0,Social and Environmental Accountability Journal,2020
261e01b6bb88ea51d95338f28b94edc47e065e1e35a2097d49ac,ANON,0,0,"Accounting, Auditing & Accountability Journal",2019
261e01b6bb88ea51d95338f28b94edc47e065e1e35a2097d49ac,ANON,0,0,"Accounting, Auditing & Accountability Journal",2020
261e01b6bb88ea51d95338f28b94edc47e065e1e35a2097d49ac,ANON,0,0,The British Accounting Review,2020
261e01b6bb88ea51d95338f28b94edc47e065e1e35a2097d49ac,ANON,0,0,"Accounting, Auditing & Accountability Journal",2020
261e01b6bb88ea51d95338f28b94edc47e065e1e35a2097d49ac,ANON,0,0,Journal of Accounting & Organizational Change,2020
261e01b6bb88ea51d95338f28b94edc47e065e1e35a2097d49ac,ANON,0,0,Business History,2019
261e01b6bb88ea51d95338f28b94edc47e065e1e35a2097d49ac,ANON,0,0,NA,2021
261e01b6bb88ea51d95338f28b94edc47e065e1e35a2097d49ac,ANON,0,0,Australian Accounting Review,2020
261e01b6bb88ea51d95338f28b94edc47e065e1e35a2097d49ac,ANON,0,0,Financial Accountability & Management,2020
261e01b6bb88ea51d95338f28b94edc47e065e1e35a2097d49ac,ANON,0,0,The British Accounting Review,2020
261e01b6bb88ea51d95338f28b94edc47e065e1e35a2097d49ac,ANON,0,0,Accounting & Finance,2020
261e01b6bb88ea51d95338f28b94edc47e065e1e35a2097d49ac,ANON,0,0,Meditari Accountancy Research,2020
261e01b6bb88ea51d95338f28b94edc47e065e1e35a2097d49ac,ANON,0,0,Qualitative Research in Accounting & Management,2021
261e01b6bb88ea51d95338f28b94edc47e065e1e35a2097d49ac,ANON,0,0,"Accounting, Organizations and Society",2021
261e01b6bb88ea51d95338f28b94edc47e065e1e35a2097d49ac,ANON,0,0,Australian Accounting Review,2022
261e01b6bb88ea51d95338f28b94edc47e065e1e35a2097d49ac,ANON,0,0,European Accounting Review,2023
261e01b6bb88ea51d95338f28b94edc47e065e1e35a2097d49ac,ANON,0,0,Financial Accountability & Management,2023
261e01b6bb88ea51d95338f28b94edc47e065e1e35a2097d49ac,ANON,0,0,Financial Accountability & Management,2021
261e01b6bb88ea51d95338f28b94edc47e065e1e35a2097d49ac,ANON,0,0,Meditari Accountancy Research,2022
261e01b6bb88ea51d95338f28b94edc47e065e1e35a2097d49ac,ANON,0,0,"Accounting, Auditing & Accountability Journal",2023
261e01b6bb88ea51d95338f28b94edc47e065e1e35a2097d49ac,ANON,0,0,Financial Accountability & Management,2022
261e01b6bb88ea51d95338f28b94edc47e065e1e35a2097d49ac,ANON,0,0,NA,2023
261e01b6bb88ea51d95338f28b94edc47e065e1e35a2097d49ac,ANON,0,0,The Routledge Handbook of Public Sector Accounting,2023
261e01b6bb88ea51d95338f28b94edc47e065e1e35a2097d49ac,ANON,0,0,The Routledge Handbook of Public Sector Accounting,2023
261e01b6bb88ea51d95338f28b94edc47e065e1e35a2097d49ac,ANON,0,0,The British Accounting Review,2023
261e01b6bb88ea51d95338f28b94edc47e065e1e35a2097d49ac,ANON,0,0,Accounting History,2024
261e01b6bb88ea51d95338f28b94edc47e065e1e35a2097d49ac,ANON,0,0,Journal of Accounting & Organizational Change,2023
261e01b6bb88ea51d95338f28b94edc47e065e1e35a2097d49ac,ANON,0,0,Financial Accountability & Management,2022
f95fd4f1466ce366674fbd8a47431add7c06561a38a3087c4cabfc,ANON,0,0,The Accounting Review,2015
f95fd4f1466ce366674fbd8a47431add7c06561a38a3087c4cabfc,ANON,0,0,Contemporary Accounting Research,2015
f95fd4f1466ce366674fbd8a47431add7c06561a38a3087c4cabfc,ANON,0,0,Journal of Economic Behavior & Organization,2018
f95fd4f1466ce366674fbd8a47431add7c06561a38a3087c4cabfc,ANON,0,0,Contemporary Accounting Research,2019
f95fd4f1466ce366674fbd8a47431add7c06561a38a3087c4cabfc,ANON,0,0,Journal of Management Accounting Research,2018
f95fd4f1466ce366674fbd8a47431add7c06561a38a3087c4cabfc,ANON,0,0,Management Accounting Research,2019
f95fd4f1466ce366674fbd8a47431add7c06561a38a3087c4cabfc,ANON,0,0,Contemporary Accounting Research,2019
f95fd4f1466ce366674fbd8a47431add7c06561a38a3087c4cabfc,ANON,0,0,Journal of Management Accounting Research,2021
f95fd4f1466ce366674fbd8a47431add7c06561a38a3087c4cabfc,ANON,0,0,"Accounting, Organizations and Society",2024
3cc760e108f83b503b1692a11915b1817c035c1c3ca60e7c4bacf5,ANON,0,0,Review of Accounting Studies,2018
3cc760e108f83b503b1692a11915b1817c035c1c3ca60e7c4bacf5,ANON,0,0,Journal of Monetary Economics,2021
3cc760e108f83b503b1692a11915b1817c035c1c3ca60e7c4bacf5,ANON,0,0,The Accounting Review,2021
882d0653fc200648dbcb58a5b025dba77c035c1c3ea7077d4babfd,ANON,0,0,Journal of Financial Economics,2018
882d0653fc200648dbcb58a5b025dba77c035c1c3ea7077d4babfd,ANON,0,0,Contemporary Accounting Research,2019
882d0653fc200648dbcb58a5b025dba77c035c1c3ea7077d4babfd,ANON,0,0,European Financial Management,2021
882d0653fc200648dbcb58a5b025dba77c035c1c3ea7077d4babfd,ANON,0,0,Contemporary Accounting Research,2023
5f3b48000f025736da019e59ef8bfd9078025d1d3aa60c714cabfc,ANON,0,0,The Accounting Review,2016
5f3b48000f025736da019e59ef8bfd9078025d1d3aa60c714cabfc,ANON,0,0,Review of Accounting Studies,2017
5f3b48000f025736da019e59ef8bfd9078025d1d3aa60c714cabfc,ANON,0,0,The Accounting Review,2019
5f3b48000f025736da019e59ef8bfd9078025d1d3aa60c714cabfc,ANON,0,0,The Accounting Review,2019
5f3b48000f025736da019e59ef8bfd9078025d1d3aa60c714cabfc,ANON,0,0,The Accounting Review,2020
5f3b48000f025736da019e59ef8bfd9078025d1d3aa60c714cabfc,ANON,0,0,Journal of Accounting and Economics,2021
1a69fc284db02038d4ee140e350aea6f7c025b153fa1097b4dabfc,ANON,0,0,Contemporary Accounting Research,2015
1a69fc284db02038d4ee140e350aea6f7c025b153fa1097b4dabfc,ANON,0,0,The Accounting Review,2016
1a69fc284db02038d4ee140e350aea6f7c025b153fa1097b4dabfc,ANON,0,0,Review of Accounting Studies,2018
1a69fc284db02038d4ee140e350aea6f7c025b153fa1097b4dabfc,ANON,0,0,Contemporary Accounting Research,2018
1a69fc284db02038d4ee140e350aea6f7c025b153fa1097b4dabfc,ANON,1,0,Journal of Accounting Research,2021
1a69fc284db02038d4ee140e350aea6f7c025b153fa1097b4dabfc,ANON,0,0,Auditing: A Journal of Practice & Theory,2021
1a69fc284db02038d4ee140e350aea6f7c025b153fa1097b4dabfc,ANON,0,0,"Accounting, Organizations and Society",2023
4710f9c9c2d5defc7f792e8e39b325eb7c01581d3ea60a7a4aabfc,ANON,1,0,Journal of Accounting Research,2017
4710f9c9c2d5defc7f792e8e39b325eb7c01581d3ea60a7a4aabfc,ANON,0,0,Annual Review of Financial Economics,2018
a46a40948ac64aa2fdadeae15dce45fb7c035c1d39a0067b4dabfc,ANON,0,0,Journal of Financial Markets,2020
a46a40948ac64aa2fdadeae15dce45fb7c035c1d39a0067b4dabfc,ANON,0,0,Review of Accounting Studies,2020
d1fe48d19c8837dba45c0b090e0c04197f035e1d39a00c714eab,ANON,0,0,Abacus,2016
d1fe48d19c8837dba45c0b090e0c04197f035e1d39a00c714eab,ANON,0,0,The Accounting Review,2020
d1fe48d19c8837dba45c0b090e0c04197f035e1d39a00c714eab,ANON,0,0,European Accounting Review,2016
22b149eab83085c7e7ed7ff4f2aa8b9f7a00571b35a90f7b4eabfc,ANON,0,0,Critical Perspectives on Accounting,2016
22b149eab83085c7e7ed7ff4f2aa8b9f7a00571b35a90f7b4eabfc,ANON,0,0,Journal of Business Ethics,2015
22b149eab83085c7e7ed7ff4f2aa8b9f7a00571b35a90f7b4eabfc,ANON,0,0,"Accounting, Organizations and Society",2016
22b149eab83085c7e7ed7ff4f2aa8b9f7a00571b35a90f7b4eabfc,ANON,0,0,"Accounting, Organizations and Society",2016
22b149eab83085c7e7ed7ff4f2aa8b9f7a00571b35a90f7b4eabfc,ANON,0,0,Thunderbird International Business Review,2017
22b149eab83085c7e7ed7ff4f2aa8b9f7a00571b35a90f7b4eabfc,ANON,0,0,European Accounting Review,2016
22b149eab83085c7e7ed7ff4f2aa8b9f7a00571b35a90f7b4eabfc,ANON,0,0,"Accounting, Organizations and Society",2018
22b149eab83085c7e7ed7ff4f2aa8b9f7a00571b35a90f7b4eabfc,ANON,0,0,"Accounting, Auditing & Accountability Journal",2019
22b149eab83085c7e7ed7ff4f2aa8b9f7a00571b35a90f7b4eabfc,ANON,0,0,Journal of Business Ethics,2019
22b149eab83085c7e7ed7ff4f2aa8b9f7a00571b35a90f7b4eabfc,ANON,0,0,Qualitative Research in Accounting & Management,2022
22b149eab83085c7e7ed7ff4f2aa8b9f7a00571b35a90f7b4eabfc,ANON,0,0,Critical Perspectives on Accounting,2023
22b149eab83085c7e7ed7ff4f2aa8b9f7a00571b35a90f7b4eabfc,ANON,0,0,Sustainability,2023
22b149eab83085c7e7ed7ff4f2aa8b9f7a00571b35a90f7b4eabfc,ANON,0,0,Critical Perspectives on Accounting,2022
22b149eab83085c7e7ed7ff4f2aa8b9f7a00571b35a90f7b4eabfc,ANON,0,0,Accounting Perspectives,2022
22b149eab83085c7e7ed7ff4f2aa8b9f7a00571b35a90f7b4eabfc,ANON,0,0,Finance Research Letters,2023
2808bb42380888f994e8643cbaceac987c035c1c3da50b704caaf4,ANON,1,1,Journal of Accounting Research,2018
28a2e8c1ef25320cd8e7556f9aac6dc47e045e183da40e7d4caa,ANON,0,0,The Accounting Review,2015
28a2e8c1ef25320cd8e7556f9aac6dc47e045e183da40e7d4caa,ANON,0,0,The Review of Asset Pricing Studies,2017
28a2e8c1ef25320cd8e7556f9aac6dc47e045e183da40e7d4caa,ANON,0,0,Journal of Financial Markets,2018
28a2e8c1ef25320cd8e7556f9aac6dc47e045e183da40e7d4caa,ANON,0,0,Journal of Corporate Finance,2019
28a2e8c1ef25320cd8e7556f9aac6dc47e045e183da40e7d4caa,ANON,0,0,Journal of Financial Economics,2020
28a2e8c1ef25320cd8e7556f9aac6dc47e045e183da40e7d4caa,ANON,1,0,Management Science,2022
ca11e5094fe0835a4862b5ba5cc4b1217e055e1e3aa60a7b4aad,ANON,0,0,The Accounting Review,2015
ca11e5094fe0835a4862b5ba5cc4b1217e055e1e3aa60a7b4aad,ANON,0,0,The Accounting Review,2015
ca11e5094fe0835a4862b5ba5cc4b1217e055e1e3aa60a7b4aad,ANON,0,0,Annual Review of Financial Economics,2016
ca11e5094fe0835a4862b5ba5cc4b1217e055e1e3aa60a7b4aad,ANON,0,0,The Accounting Review,2018
ca11e5094fe0835a4862b5ba5cc4b1217e055e1e3aa60a7b4aad,ANON,0,0,The Accounting Review,2019
ca11e5094fe0835a4862b5ba5cc4b1217e055e1e3aa60a7b4aad,ANON,0,0,Journal of Accounting and Economics,2019
ca11e5094fe0835a4862b5ba5cc4b1217e055e1e3aa60a7b4aad,ANON,0,0,Journal of Accounting Research,2019
ca11e5094fe0835a4862b5ba5cc4b1217e055e1e3aa60a7b4aad,ANON,0,0,Management Science,2021
ca11e5094fe0835a4862b5ba5cc4b1217e055e1e3aa60a7b4aad,ANON,0,0,The Journal of Portfolio Management,2021
ca11e5094fe0835a4862b5ba5cc4b1217e055e1e3aa60a7b4aad,ANON,0,0,The Accounting Review,2021
ca11e5094fe0835a4862b5ba5cc4b1217e055e1e3aa60a7b4aad,ANON,0,0,The Accounting Review,2022
ca11e5094fe0835a4862b5ba5cc4b1217e055e1e3aa60a7b4aad,ANON,0,0,Financial Management,2023
ca11e5094fe0835a4862b5ba5cc4b1217e055e1e3aa60a7b4aad,ANON,1,0,Management Science,2022
ca11e5094fe0835a4862b5ba5cc4b1217e055e1e3aa60a7b4aad,ANON,0,0,Abacus,2024
1113fa9bfd4d63ebf9d07ceadaab3edc7c035c1e3aa30f794aafff,ANON,0,0,Contemporary Accounting Research,2021
188e843ddc319839a00fbf6ef2cc7e7f7a025f1d3ea80a784eabfc,ANON,0,0,Expert Review of Precision Medicine and Drug Development,2016
188e843ddc319839a00fbf6ef2cc7e7f7a025f1d3ea80a784eabfc,ANON,0,0,Scandinavian Journal of Clinical and Laboratory Investigation,2016
188e843ddc319839a00fbf6ef2cc7e7f7a025f1d3ea80a784eabfc,ANON,0,0,Clinical Pharmacology & Therapeutics,2016
188e843ddc319839a00fbf6ef2cc7e7f7a025f1d3ea80a784eabfc,ANON,0,0,Clinical Pharmacology & Therapeutics,2016
188e843ddc319839a00fbf6ef2cc7e7f7a025f1d3ea80a784eabfc,ANON,0,0,"Accounting, Organizations and Society",2015
188e843ddc319839a00fbf6ef2cc7e7f7a025f1d3ea80a784eabfc,ANON,0,0,Systematic Reviews,2017
188e843ddc319839a00fbf6ef2cc7e7f7a025f1d3ea80a784eabfc,ANON,1,0,PharmacoEconomics,2017
188e843ddc319839a00fbf6ef2cc7e7f7a025f1d3ea80a784eabfc,ANON,0,0,BMC Health Services Research,2017
188e843ddc319839a00fbf6ef2cc7e7f7a025f1d3ea80a784eabfc,ANON,0,0,Personalized Medicine,2017
188e843ddc319839a00fbf6ef2cc7e7f7a025f1d3ea80a784eabfc,ANON,0,0,Health Science Reports,2017
188e843ddc319839a00fbf6ef2cc7e7f7a025f1d3ea80a784eabfc,ANON,0,0,Health Policy,2017
188e843ddc319839a00fbf6ef2cc7e7f7a025f1d3ea80a784eabfc,ANON,0,0,BMC Health Services Research,2018
188e843ddc319839a00fbf6ef2cc7e7f7a025f1d3ea80a784eabfc,ANON,0,0,Nature Reviews Drug Discovery,2018
188e843ddc319839a00fbf6ef2cc7e7f7a025f1d3ea80a784eabfc,ANON,0,0,Oxford Review of Economic Policy,2018
188e843ddc319839a00fbf6ef2cc7e7f7a025f1d3ea80a784eabfc,ANON,0,0,BMC Health Services Research,2019
188e843ddc319839a00fbf6ef2cc7e7f7a025f1d3ea80a784eabfc,ANON,0,0,Conservation Biology,2018
188e843ddc319839a00fbf6ef2cc7e7f7a025f1d3ea80a784eabfc,ANON,0,0,Accounting in Europe,2019
188e843ddc319839a00fbf6ef2cc7e7f7a025f1d3ea80a784eabfc,ANON,0,0,Contemporary Accounting Research,2019
188e843ddc319839a00fbf6ef2cc7e7f7a025f1d3ea80a784eabfc,ANON,0,0,Accounting and Business Research,2021
188e843ddc319839a00fbf6ef2cc7e7f7a025f1d3ea80a784eabfc,ANON,0,0,PharmacoEconomics,2021
188e843ddc319839a00fbf6ef2cc7e7f7a025f1d3ea80a784eabfc,ANON,0,0,Accounting Forum,2024
7fc9e09c3e85d5381442354175ea2e387c035f153da60d784daefb,ANON,0,0,"Accounting, Organizations and Society",2016
3eeed8657c011e7f2f2a74aca6d7299d7c035c1f3aa50f7d46abfc,ANON,1,0,Contemporary Accounting Research,2021
9df2cc87216ba3048cea9090894113057c035c1e3ca00a714eabf9,ANON,0,0,Contemporary Accounting Research,2020
cebd046df77b14037398f1d1b2af47977e065e1d3fa9097a46aa,ANON,0,0,The Accounting Review,2016
cebd046df77b14037398f1d1b2af47977e065e1d3fa9097a46aa,ANON,0,0,Review of Accounting Studies,2018
cebd046df77b14037398f1d1b2af47977e065e1d3fa9097a46aa,ANON,0,0,Issues in Accounting Education,2020
cebd046df77b14037398f1d1b2af47977e065e1d3fa9097a46aa,ANON,0,0,Accounting Horizons,2022
cebd046df77b14037398f1d1b2af47977e065e1d3fa9097a46aa,ANON,0,0,Journal of Financial Research,2023
cebd046df77b14037398f1d1b2af47977e065e1d3fa9097a46aa,ANON,0,0,Journal of Financial Research,2024
427aea318ee8f9287923567ca1be9b257b00591e3ea4067a4eabfc,ANON,0,0,Journal of Accounting and Economics,2016
427aea318ee8f9287923567ca1be9b257b00591e3ea4067a4eabfc,ANON,0,0,The Accounting Review,2017
427aea318ee8f9287923567ca1be9b257b00591e3ea4067a4eabfc,ANON,0,0,"Journal of Accounting, Auditing & Finance",2018
427aea318ee8f9287923567ca1be9b257b00591e3ea4067a4eabfc,ANON,0,0,The Accounting Review,2021
427aea318ee8f9287923567ca1be9b257b00591e3ea4067a4eabfc,ANON,0,0,Journal of Accounting and Public Policy,2021
427aea318ee8f9287923567ca1be9b257b00591e3ea4067a4eabfc,ANON,0,0,Contemporary Accounting Research,2021
427aea318ee8f9287923567ca1be9b257b00591e3ea4067a4eabfc,ANON,0,0,Journal of Accounting and Economics,2021
427aea318ee8f9287923567ca1be9b257b00591e3ea4067a4eabfc,ANON,0,0,Journal of Business Finance & Accounting,2021
427aea318ee8f9287923567ca1be9b257b00591e3ea4067a4eabfc,ANON,0,0,Journal of Financial and Quantitative Analysis,2022
427aea318ee8f9287923567ca1be9b257b00591e3ea4067a4eabfc,ANON,0,0,Journal of Business Finance & Accounting,2024
6d59a00c20b5637a131fcf34b6179b897c035c1c3ea30e7c4fa3fd,ANON,0,0,Contemporary Accounting Research,2018
6d59a00c20b5637a131fcf34b6179b897c035c1c3ea30e7c4fa3fd,ANON,0,0,Accounting & Finance,2016
6d59a00c20b5637a131fcf34b6179b897c035c1c3ea30e7c4fa3fd,ANON,0,0,Journal of Corporate Finance,2021
6d59a00c20b5637a131fcf34b6179b897c035c1c3ea30e7c4fa3fd,ANON,0,0,Accounting & Finance,2022
6d59a00c20b5637a131fcf34b6179b897c035c1c3ea30e7c4fa3fd,ANON,0,0,European Accounting Review,2022
6d59a00c20b5637a131fcf34b6179b897c035c1c3ea30e7c4fa3fd,ANON,0,0,Accounting & Finance,2021
6d59a00c20b5637a131fcf34b6179b897c035c1c3ea30e7c4fa3fd,ANON,0,0,Review of Accounting Studies,2023
8542f1e1dd8e4a83005b07c665382bf17f025e1f38a507714fa3,ANON,0,0,The Journal of Portfolio Management,2016
8542f1e1dd8e4a83005b07c665382bf17f025e1f38a507714fa3,ANON,0,0,The Journal of Portfolio Management,2017
8542f1e1dd8e4a83005b07c665382bf17f025e1f38a507714fa3,ANON,0,0,The Journal of Portfolio Management,2018
8542f1e1dd8e4a83005b07c665382bf17f025e1f38a507714fa3,ANON,0,0,Journal of Financial Economics,2018
8542f1e1dd8e4a83005b07c665382bf17f025e1f38a507714fa3,ANON,1,0,Review of Accounting Studies,2018
8542f1e1dd8e4a83005b07c665382bf17f025e1f38a507714fa3,ANON,0,0,The Journal of Portfolio Management,2019
8542f1e1dd8e4a83005b07c665382bf17f025e1f38a507714fa3,ANON,0,0,Journal of Financial Economics,2019
8542f1e1dd8e4a83005b07c665382bf17f025e1f38a507714fa3,ANON,0,0,The Journal of Portfolio Management,2021
8542f1e1dd8e4a83005b07c665382bf17f025e1f38a507714fa3,ANON,0,0,The Journal of Beta Investment Strategies,2022
8542f1e1dd8e4a83005b07c665382bf17f025e1f38a507714fa3,ANON,0,0,The Journal of Portfolio Management,2023
8542f1e1dd8e4a83005b07c665382bf17f025e1f38a507714fa3,ANON,0,0,The Journal of Portfolio Management,2022
74427b69b3c5cfb3ff53921cb87660aa7c02571d3ea8077f4cabfc,ANON,0,0,The Accounting Review,2015
74427b69b3c5cfb3ff53921cb87660aa7c02571d3ea8077f4cabfc,ANON,0,0,The Accounting Review,2016
74427b69b3c5cfb3ff53921cb87660aa7c02571d3ea8077f4cabfc,ANON,0,0,Strategic Management Journal,2017
74427b69b3c5cfb3ff53921cb87660aa7c02571d3ea8077f4cabfc,ANON,0,0,Contemporary Accounting Research,2017
74427b69b3c5cfb3ff53921cb87660aa7c02571d3ea8077f4cabfc,ANON,0,0,The Accounting Review,2018
74427b69b3c5cfb3ff53921cb87660aa7c02571d3ea8077f4cabfc,ANON,0,0,Strategic Management Journal,2019
74427b69b3c5cfb3ff53921cb87660aa7c02571d3ea8077f4cabfc,ANON,0,0,The Accounting Review,2021
74427b69b3c5cfb3ff53921cb87660aa7c02571d3ea8077f4cabfc,ANON,0,0,Management Science,2021
74427b69b3c5cfb3ff53921cb87660aa7c02571d3ea8077f4cabfc,ANON,0,0,Review of Accounting Studies,2021
2d7c5f509c757738a06142e45d3769717a075a1a3ba50f7c4dabfc,ANON,0,0,Academy of Management Proceedings,2017
2d7c5f509c757738a06142e45d3769717a075a1a3ba50f7c4dabfc,ANON,0,0,European Journal of Nuclear Medicine and Molecular Imaging,2017
2d7c5f509c757738a06142e45d3769717a075a1a3ba50f7c4dabfc,ANON,0,0,Econometrics,2017
2d7c5f509c757738a06142e45d3769717a075a1a3ba50f7c4dabfc,ANON,0,0,Journal of Thoracic Disease,2018
2d7c5f509c757738a06142e45d3769717a075a1a3ba50f7c4dabfc,ANON,0,0,BMC Health Services Research,2018
2d7c5f509c757738a06142e45d3769717a075a1a3ba50f7c4dabfc,ANON,0,0,Contemporary Accounting Research,2017
2d7c5f509c757738a06142e45d3769717a075a1a3ba50f7c4dabfc,ANON,0,0,Quarterly Journal of Finance,2018
2d7c5f509c757738a06142e45d3769717a075a1a3ba50f7c4dabfc,ANON,0,0,Econometrics and Statistics,2018
2d7c5f509c757738a06142e45d3769717a075a1a3ba50f7c4dabfc,ANON,0,0,Journal of Financial Econometrics,2020
2d7c5f509c757738a06142e45d3769717a075a1a3ba50f7c4dabfc,ANON,0,0,European Management Review,2019
2d7c5f509c757738a06142e45d3769717a075a1a3ba50f7c4dabfc,ANON,0,0,Journal of Empirical Finance,2020
2d7c5f509c757738a06142e45d3769717a075a1a3ba50f7c4dabfc,ANON,0,0,International Journal of Forecasting,2020
2d7c5f509c757738a06142e45d3769717a075a1a3ba50f7c4dabfc,ANON,0,0,International Journal of Forecasting,2021
2d7c5f509c757738a06142e45d3769717a075a1a3ba50f7c4dabfc,ANON,0,0,Econometrics and Statistics,2022
2d7c5f509c757738a06142e45d3769717a075a1a3ba50f7c4dabfc,ANON,0,0,The International Journal of Medical Robotics and Computer Assisted Surgery,2022
2d7c5f509c757738a06142e45d3769717a075a1a3ba50f7c4dabfc,ANON,0,0,Minerva Anestesiologica,2022
2d7c5f509c757738a06142e45d3769717a075a1a3ba50f7c4dabfc,ANON,1,0,The Econometrics Journal,2022
2d7c5f509c757738a06142e45d3769717a075a1a3ba50f7c4dabfc,ANON,0,0,Data Mining and Knowledge Discovery,2024
2d7c5f509c757738a06142e45d3769717a075a1a3ba50f7c4dabfc,ANON,0,0,Research in International Business and Finance,2023
2d7c5f509c757738a06142e45d3769717a075a1a3ba50f7c4dabfc,ANON,0,0,Socio-Economic Planning Sciences,2023
172a10d1392d421e97650f41b3df76247e045e1835a8077e4bae,ANON,0,0,NA,2019
172a10d1392d421e97650f41b3df76247e045e1835a8077e4bae,ANON,0,0,Contemporary Accounting Research,2017
fe4afc50ce6c727cf73c6d06b1b0caf67c035f153fa007704ca8fb,ANON,0,0,China Journal of Accounting Studies,2016
fe4afc50ce6c727cf73c6d06b1b0caf67c035f153fa007704ca8fb,ANON,0,0,The Accounting Review,2016
fe4afc50ce6c727cf73c6d06b1b0caf67c035f153fa007704ca8fb,ANON,0,0,Journal of Accounting and Economics,2017
fe4afc50ce6c727cf73c6d06b1b0caf67c035f153fa007704ca8fb,ANON,0,0,Journal of International Accounting Research,2018
fe4afc50ce6c727cf73c6d06b1b0caf67c035f153fa007704ca8fb,ANON,0,0,Contemporary Accounting Research,2022
fe4afc50ce6c727cf73c6d06b1b0caf67c035f153fa007704ca8fb,ANON,0,0,Journal of Accounting Research,2023
fe4afc50ce6c727cf73c6d06b1b0caf67c035f153fa007704ca8fb,ANON,0,0,Accounting and Business Research,2023
9e253897c758a7ce78825ad397aa73357c035e1a3da00d7c47abfc,ANON,0,0,Contemporary Accounting Research,2017
9e253897c758a7ce78825ad397aa73357c035e1a3da00d7c47abfc,ANON,0,0,The Accounting Review,2018
9e253897c758a7ce78825ad397aa73357c035e1a3da00d7c47abfc,ANON,0,0,The Accounting Review,2019
9e253897c758a7ce78825ad397aa73357c035e1a3da00d7c47abfc,ANON,0,0,The Accounting Review,2019
9e253897c758a7ce78825ad397aa73357c035e1a3da00d7c47abfc,ANON,0,0,The Accounting Review,2020
9e253897c758a7ce78825ad397aa73357c035e1a3da00d7c47abfc,ANON,0,0,Manufacturing & Service Operations Management,2020
9e253897c758a7ce78825ad397aa73357c035e1a3da00d7c47abfc,ANON,0,0,"Accounting, Organizations and Society",2022
4974d27fd26f5bcb4b0fe30a4e0d7d4e7e065e1d3ba10b7a47a9,ANON,0,0,Review of Accounting Studies,2016
4974d27fd26f5bcb4b0fe30a4e0d7d4e7e065e1d3ba10b7a47a9,ANON,0,0,Contemporary Accounting Research,2019
4974d27fd26f5bcb4b0fe30a4e0d7d4e7e065e1d3ba10b7a47a9,ANON,0,0,Accounting and the Public Interest,2020
4974d27fd26f5bcb4b0fe30a4e0d7d4e7e065e1d3ba10b7a47a9,ANON,0,0,Contemporary Accounting Research,2019
7f951480d91716109ede0446554a8c5f7c0359183aa90f794fabfc,ANON,1,0,Journal of Accounting Research,2021
2c380962334867496b4d06a3ee5bfd577c015c183ba4087046abfc,ANON,0,0,Journal of Business Economics,2016
2c380962334867496b4d06a3ee5bfd577c015c183ba4087046abfc,ANON,0,0,Review of Managerial Science,2016
2c380962334867496b4d06a3ee5bfd577c015c183ba4087046abfc,ANON,0,0,European Accounting Review,2016
2c380962334867496b4d06a3ee5bfd577c015c183ba4087046abfc,ANON,0,0,The Journal of Risk Finance,2018
2c380962334867496b4d06a3ee5bfd577c015c183ba4087046abfc,ANON,0,0,Management Accounting Research,2018
2c380962334867496b4d06a3ee5bfd577c015c183ba4087046abfc,ANON,0,0,Journal of Business Economics,2021
2c380962334867496b4d06a3ee5bfd577c015c183ba4087046abfc,ANON,0,0,Contemporary Accounting Research,2020
2c380962334867496b4d06a3ee5bfd577c015c183ba4087046abfc,ANON,0,0,Journal of Management Accounting Research,2020
2c380962334867496b4d06a3ee5bfd577c015c183ba4087046abfc,ANON,0,0,Journal of Business Economics,2021
2c380962334867496b4d06a3ee5bfd577c015c183ba4087046abfc,ANON,0,0,Journal of Business Economics,2022
2c380962334867496b4d06a3ee5bfd577c015c183ba4087046abfc,ANON,0,0,Journal of Business Economics,2021
2c380962334867496b4d06a3ee5bfd577c015c183ba4087046abfc,ANON,0,0,Journal of Business Economics,2021
2c380962334867496b4d06a3ee5bfd577c015c183ba4087046abfc,ANON,0,0,Finance Research Letters,2023
37b326ea015b5a1a3cb208826a8672317c035c1d3da90c7f46aefa,ANON,0,0,The Accounting Review,2019
37b326ea015b5a1a3cb208826a8672317c035c1d3da90c7f46aefa,ANON,0,0,"Accounting, Organizations and Society",2019
37b326ea015b5a1a3cb208826a8672317c035c1d3da90c7f46aefa,ANON,0,0,Current Issues in Auditing,2022
ebb24aa37895a696985ac14ac5ef48e37c02591534a10e7046abfc,ANON,0,0,The Journal of Finance,2015
ebb24aa37895a696985ac14ac5ef48e37c02591534a10e7046abfc,ANON,0,0,Journal of Financial and Quantitative Analysis,2016
ebb24aa37895a696985ac14ac5ef48e37c02591534a10e7046abfc,ANON,0,0,Journal of Accounting and Economics,2016
ebb24aa37895a696985ac14ac5ef48e37c02591534a10e7046abfc,ANON,0,0,Financial Management,2016
ebb24aa37895a696985ac14ac5ef48e37c02591534a10e7046abfc,ANON,0,0,The Accounting Review,2017
ebb24aa37895a696985ac14ac5ef48e37c02591534a10e7046abfc,ANON,0,0,Journal of Financial Economics,2017
ebb24aa37895a696985ac14ac5ef48e37c02591534a10e7046abfc,ANON,0,0,Journal of Financial and Quantitative Analysis,2018
ebb24aa37895a696985ac14ac5ef48e37c02591534a10e7046abfc,ANON,1,0,The Journal of Finance,2020
ebb24aa37895a696985ac14ac5ef48e37c02591534a10e7046abfc,ANON,0,0,Journal of Financial Economics,2021
ebb24aa37895a696985ac14ac5ef48e37c02591534a10e7046abfc,ANON,0,0,Journal of Financial and Quantitative Analysis,2023
c34c4caed53565eeea2f7c8a7bf289307b075e1d3ca20e7f46abfc,ANON,0,0,Journal of Corporate Finance,2016
c34c4caed53565eeea2f7c8a7bf289307b075e1d3ca20e7f46abfc,ANON,0,0,Contemporary Accounting Research,2017
c34c4caed53565eeea2f7c8a7bf289307b075e1d3ca20e7f46abfc,ANON,0,0,Journal of Business Research,2018
c34c4caed53565eeea2f7c8a7bf289307b075e1d3ca20e7f46abfc,ANON,0,0,Review of Quantitative Finance and Accounting,2019
c34c4caed53565eeea2f7c8a7bf289307b075e1d3ca20e7f46abfc,ANON,0,0,"Journal of Accounting, Auditing & Finance",2021
162666161f2c69893065a547fc38d0967b01581f3ca6067c4dabfc,ANON,0,0,Journal of Financial Economics,2016
162666161f2c69893065a547fc38d0967b01581f3ca6067c4dabfc,ANON,0,0,The Review of Financial Studies,2016
162666161f2c69893065a547fc38d0967b01581f3ca6067c4dabfc,ANON,0,0,Finance Research Letters,2016
162666161f2c69893065a547fc38d0967b01581f3ca6067c4dabfc,ANON,0,0,Management Science,2016
162666161f2c69893065a547fc38d0967b01581f3ca6067c4dabfc,ANON,0,0,Journal of Financial and Quantitative Analysis,2016
162666161f2c69893065a547fc38d0967b01581f3ca6067c4dabfc,ANON,0,0,Journal of Banking & Finance,2016
162666161f2c69893065a547fc38d0967b01581f3ca6067c4dabfc,ANON,0,0,Journal of Financial and Quantitative Analysis,2017
162666161f2c69893065a547fc38d0967b01581f3ca6067c4dabfc,ANON,1,0,The Journal of Law and Economics,2018
162666161f2c69893065a547fc38d0967b01581f3ca6067c4dabfc,ANON,0,0,Journal of Financial Economics,2017
162666161f2c69893065a547fc38d0967b01581f3ca6067c4dabfc,ANON,0,0,Journal of Financial and Quantitative Analysis,2018
162666161f2c69893065a547fc38d0967b01581f3ca6067c4dabfc,ANON,0,0,Journal of Financial and Quantitative Analysis,2018
162666161f2c69893065a547fc38d0967b01581f3ca6067c4dabfc,ANON,1,0,The Journal of Law and Economics,2019
162666161f2c69893065a547fc38d0967b01581f3ca6067c4dabfc,ANON,0,0,The Accounting Review,2019
162666161f2c69893065a547fc38d0967b01581f3ca6067c4dabfc,ANON,0,0,Journal of Financial and Quantitative Analysis,2018
162666161f2c69893065a547fc38d0967b01581f3ca6067c4dabfc,ANON,0,0,Journal of Accounting and Economics,2019
162666161f2c69893065a547fc38d0967b01581f3ca6067c4dabfc,ANON,0,0,Emerging Markets Finance and Trade,2019
162666161f2c69893065a547fc38d0967b01581f3ca6067c4dabfc,ANON,0,0,Review of Accounting Studies,2019
162666161f2c69893065a547fc38d0967b01581f3ca6067c4dabfc,ANON,0,0,Management Science,2018
162666161f2c69893065a547fc38d0967b01581f3ca6067c4dabfc,ANON,1,0,The Economic Journal,2020
162666161f2c69893065a547fc38d0967b01581f3ca6067c4dabfc,ANON,0,0,Review of Finance,2017
162666161f2c69893065a547fc38d0967b01581f3ca6067c4dabfc,ANON,0,0,Journal of Corporate Finance,2019
162666161f2c69893065a547fc38d0967b01581f3ca6067c4dabfc,ANON,0,0,Journal of Financial Economics,2019
162666161f2c69893065a547fc38d0967b01581f3ca6067c4dabfc,ANON,0,0,Journal of International Business Studies,2019
162666161f2c69893065a547fc38d0967b01581f3ca6067c4dabfc,ANON,0,0,The Review of Financial Studies,2019
162666161f2c69893065a547fc38d0967b01581f3ca6067c4dabfc,ANON,0,0,Management Science,2020
162666161f2c69893065a547fc38d0967b01581f3ca6067c4dabfc,ANON,0,0,The Review of Financial Studies,2020
162666161f2c69893065a547fc38d0967b01581f3ca6067c4dabfc,ANON,0,0,Journal of Financial and Quantitative Analysis,2019
162666161f2c69893065a547fc38d0967b01581f3ca6067c4dabfc,ANON,0,0,Impact of COVID-19 on Asian Economies and Policy Responses,2020
162666161f2c69893065a547fc38d0967b01581f3ca6067c4dabfc,ANON,0,0,Management Science,2020
162666161f2c69893065a547fc38d0967b01581f3ca6067c4dabfc,ANON,0,0,Management Science,2020
162666161f2c69893065a547fc38d0967b01581f3ca6067c4dabfc,ANON,1,0,Management Science,2020
162666161f2c69893065a547fc38d0967b01581f3ca6067c4dabfc,ANON,0,0,Journal of Corporate Finance,2021
162666161f2c69893065a547fc38d0967b01581f3ca6067c4dabfc,ANON,0,0,Journal of Financial Economics,2021
162666161f2c69893065a547fc38d0967b01581f3ca6067c4dabfc,ANON,0,0,Journal of Financial Economics,2021
162666161f2c69893065a547fc38d0967b01581f3ca6067c4dabfc,ANON,0,0,The Review of Financial Studies,2021
162666161f2c69893065a547fc38d0967b01581f3ca6067c4dabfc,ANON,0,0,Journal of International Business Studies,2022
162666161f2c69893065a547fc38d0967b01581f3ca6067c4dabfc,ANON,0,0,Journal of Financial Economics,2021
162666161f2c69893065a547fc38d0967b01581f3ca6067c4dabfc,ANON,0,0,Journal of Financial and Quantitative Analysis,2021
162666161f2c69893065a547fc38d0967b01581f3ca6067c4dabfc,ANON,1,0,Management Science,2021
162666161f2c69893065a547fc38d0967b01581f3ca6067c4dabfc,ANON,1,0,Management Science,2021
162666161f2c69893065a547fc38d0967b01581f3ca6067c4dabfc,ANON,0,0,"The Journal of Law, Economics, and Organization",2021
162666161f2c69893065a547fc38d0967b01581f3ca6067c4dabfc,ANON,1,0,Management Science,2021
162666161f2c69893065a547fc38d0967b01581f3ca6067c4dabfc,ANON,0,0,International Journal of Finance & Economics,2020
162666161f2c69893065a547fc38d0967b01581f3ca6067c4dabfc,ANON,1,0,Management Science,2022
162666161f2c69893065a547fc38d0967b01581f3ca6067c4dabfc,ANON,0,0,Journal of Financial and Quantitative Analysis,2023
162666161f2c69893065a547fc38d0967b01581f3ca6067c4dabfc,ANON,0,0,Journal of Chinese Economic and Business Studies,2022
162666161f2c69893065a547fc38d0967b01581f3ca6067c4dabfc,ANON,0,0,Journal of Development Economics,2022
162666161f2c69893065a547fc38d0967b01581f3ca6067c4dabfc,ANON,0,0,Journal of Financial and Quantitative Analysis,2022
162666161f2c69893065a547fc38d0967b01581f3ca6067c4dabfc,ANON,0,0,Nature,2023
162666161f2c69893065a547fc38d0967b01581f3ca6067c4dabfc,ANON,0,0,The Review of Corporate Finance Studies,2022
162666161f2c69893065a547fc38d0967b01581f3ca6067c4dabfc,ANON,0,0,"Journal of Money, Credit and Banking",2022
162666161f2c69893065a547fc38d0967b01581f3ca6067c4dabfc,ANON,0,0,Journal of Financial and Quantitative Analysis,2022
162666161f2c69893065a547fc38d0967b01581f3ca6067c4dabfc,ANON,0,0,Finance Research Letters,2023
162666161f2c69893065a547fc38d0967b01581f3ca6067c4dabfc,ANON,1,0,Journal of International Economics,2023
162666161f2c69893065a547fc38d0967b01581f3ca6067c4dabfc,ANON,0,0,The Journal of Finance and Data Science,2023
162666161f2c69893065a547fc38d0967b01581f3ca6067c4dabfc,ANON,0,0,Urban Forestry & Urban Greening,2023
162666161f2c69893065a547fc38d0967b01581f3ca6067c4dabfc,ANON,1,0,The Journal of Finance,2023
162666161f2c69893065a547fc38d0967b01581f3ca6067c4dabfc,ANON,1,0,Management Science,2023
220e84260e7065f67a68b2147205cc1e7c0158193da2097b4eabfc,ANON,0,0,Auditing: A Journal of Practice & Theory,2017
220e84260e7065f67a68b2147205cc1e7c0158193da2097b4eabfc,ANON,0,0,Journal of Accounting and Public Policy,2020
220e84260e7065f67a68b2147205cc1e7c0158193da2097b4eabfc,ANON,0,0,Contemporary Accounting Research,2020
220e84260e7065f67a68b2147205cc1e7c0158193da2097b4eabfc,ANON,0,0,Auditing: A Journal of Practice & Theory,2021
220e84260e7065f67a68b2147205cc1e7c0158193da2097b4eabfc,ANON,0,0,Accounting and Business Research,2022
7af04d4f959bffe0101a13f4b629439371025d1e39a9087d4eab,ANON,0,0,Mathematics and Financial Economics,2016
9e8e291201cca2bbe8816b8d870b1e6a7c035f1535a20f704baef5,ANON,0,0,Journal of Accounting and Economics,2016
9e8e291201cca2bbe8816b8d870b1e6a7c035f1535a20f704baef5,ANON,0,0,The Accounting Review,2017
9e8e291201cca2bbe8816b8d870b1e6a7c035f1535a20f704baef5,ANON,0,0,Journal of Accounting Research,2017
9e8e291201cca2bbe8816b8d870b1e6a7c035f1535a20f704baef5,ANON,0,0,Accounting and Business Research,2018
9e8e291201cca2bbe8816b8d870b1e6a7c035f1535a20f704baef5,ANON,0,0,Contemporary Accounting Research,2020
9e8e291201cca2bbe8816b8d870b1e6a7c035f1535a20f704baef5,ANON,0,0,"Journal of Accounting, Auditing & Finance",2020
9e8e291201cca2bbe8816b8d870b1e6a7c035f1535a20f704baef5,ANON,0,0,Auditing: A Journal of Practice & Theory,2021
9e8e291201cca2bbe8816b8d870b1e6a7c035f1535a20f704baef5,ANON,0,0,Contemporary Accounting Research,2021
9e8e291201cca2bbe8816b8d870b1e6a7c035f1535a20f704baef5,ANON,0,0,The Accounting Review,2021
9e8e291201cca2bbe8816b8d870b1e6a7c035f1535a20f704baef5,ANON,0,0,Journal of Accounting and Economics,2021
9e8e291201cca2bbe8816b8d870b1e6a7c035f1535a20f704baef5,ANON,0,0,Journal of Management Accounting Research,2022
9e8e291201cca2bbe8816b8d870b1e6a7c035f1535a20f704baef5,ANON,0,0,Journal of Accounting Research,2023
359e8c8e89d41ab22f9d12bc096570117c0157193da006784eabfc,ANON,0,0,Review of Accounting Studies,2016
359e8c8e89d41ab22f9d12bc096570117c0157193da006784eabfc,ANON,0,0,"Accounting, Organizations and Society",2018
359e8c8e89d41ab22f9d12bc096570117c0157193da006784eabfc,ANON,0,0,Management Science,2018
359e8c8e89d41ab22f9d12bc096570117c0157193da006784eabfc,ANON,1,0,Journal of Business Finance & Accounting,2021
cd54198aead7d352bad7fb7d655eae857c035c1c35a90d7f4fa8f9,ANON,0,0,Contemporary Accounting Research,2019
